run,champion,runner_up,third_place
0,Croatia,Brazil,France
1,Brazil,Portugal,Netherlands
2,Portugal,Brazil,Morocco
3,Morocco,England,Switzerland
4,France,Argentina,Japan
5,England,Spain,Argentina
6,Spain,Mexico,Colombia
7,Spain,Colombia,Japan
8,Morocco,Argentina,Japan
9,Colombia,France,Croatia
10,Argentina,Morocco,Brazil
11,England,Senegal,Colombia
12,Argentina,France,Portugal
13,Morocco,Argentina,Spain
14,England,France,Spain
15,France,Mexico,Spain
16,England,Austria,Netherlands
17,Brazil,Croatia,Canada
18,Germany,Japan,Spain
19,Argentina,Spain,France
20,Spain,Argentina,Brazil
21,France,Mexico,Portugal
22,Spain,England,Switzerland
23,Congo DR,France,Spain
24,France,Egypt,Portugal
25,Japan,Portugal,Australia
26,England,France,Belgium
27,Argentina,France,Japan
28,Netherlands,Brazil,Spain
29,France,Colombia,Senegal
30,Portugal,Argentina,Netherlands
31,Argentina,Netherlands,United States
32,Argentina,Senegal,France
33,Spain,Algeria,Ecuador
34,Spain,Australia,France
35,Colombia,Germany,Portugal
36,Spain,Brazil,Switzerland
37,Algeria,France,England
38,Colombia,France,Brazil
39,Germany,Switzerland,Portugal
40,Colombia,Portugal,Canada
41,England,France,Argentina
42,Argentina,United States,Norway
43,France,England,Algeria
44,Argentina,Canada,Japan
45,Argentina,Netherlands,Spain
46,France,Norway,Spain
47,Argentina,Belgium,France
48,Netherlands,Brazil,Croatia
49,Morocco,Argentina,Belgium
50,Argentina,France,Japan
51,France,Mexico,Colombia
52,Argentina,Belgium,Netherlands
53,Japan,France,Switzerland
54,Morocco,England,Belgium
55,Argentina,Spain,Mexico
56,England,France,Portugal
57,Mexico,Belgium,Canada
58,Morocco,Japan,Spain
59,Spain,Mexico,Morocco
60,Portugal,Japan,Canada
61,Croatia,Colombia,England
62,Mexico,Portugal,France
63,France,Ecuador,Spain
64,England,Canada,Spain
65,Japan,Austria,France
66,Brazil,Canada,Spain
67,Ecuador,Portugal,Algeria
68,Senegal,Argentina,Germany
69,Germany,Colombia,Belgium
70,England,France,Australia
71,Spain,Argentina,Germany
72,Argentina,Belgium,Germany
73,Netherlands,Algeria,England
74,England,Spain,Australia
75,England,Spain,Germany
76,France,Norway,Argentina
77,Argentina,Austria,Germany
78,Portugal,Brazil,Colombia
79,Germany,Japan,Algeria
80,England,Portugal,France
81,Japan,France,Australia
82,Switzerland,United States,France
83,Spain,Switzerland,France
84,Ecuador,Spain,Netherlands
85,England,Germany,Argentina
86,Colombia,Morocco,Mexico
87,Japan,Spain,Argentina
88,France,Australia,Spain
89,Argentina,France,Brazil
90,Sweden,Colombia,England
91,Colombia,France,Spain
92,Croatia,Ecuador,Argentina
93,England,Portugal,Colombia
94,Mexico,Netherlands,Belgium
95,Brazil,Netherlands,Switzerland
96,Brazil,Portugal,Colombia
97,Norway,Germany,Colombia
98,Argentina,Portugal,Mexico
99,Colombia,France,Portugal
100,Colombia,Germany,Brazil
101,Argentina,France,Ivory Coast
102,Brazil,Spain,France
103,France,England,Austria
104,France,Colombia,Spain
105,Algeria,Croatia,Japan
106,Argentina,France,Spain
107,Argentina,Spain,Netherlands
108,England,France,Spain
109,Norway,Germany,Spain
110,France,Argentina,United States
111,Portugal,Argentina,Sweden
112,France,Argentina,Spain
113,Colombia,Belgium,Congo DR
114,Japan,Spain,Morocco
115,Argentina,Morocco,Japan
116,Morocco,Argentina,Brazil
117,Netherlands,Algeria,United States
118,Mexico,Spain,France
119,France,England,Spain
120,Spain,Australia,Morocco
121,Argentina,Belgium,Netherlands
122,Japan,France,Switzerland
123,Argentina,Germany,England
124,Ivory Coast,France,Argentina
125,Netherlands,Australia,England
126,Netherlands,Ecuador,Argentina
127,Switzerland,Spain,France
128,Argentina,Spain,Brazil
129,Spain,England,Australia
130,France,Switzerland,Brazil
131,Algeria,France,Ecuador
132,Colombia,Canada,Japan
133,Senegal,Norway,Canada
134,Spain,Mexico,Germany
135,France,Brazil,Argentina
136,France,Argentina,Norway
137,Colombia,Croatia,France
138,Canada,Switzerland,England
139,Portugal,Mexico,Argentina
140,France,Brazil,Switzerland
141,Argentina,Spain,Ecuador
142,Spain,England,Netherlands
143,France,Brazil,Algeria
144,Mexico,Germany,Argentina
145,Egypt,Spain,Germany
146,Canada,Algeria,United States
147,Netherlands,Colombia,Mexico
148,France,Argentina,England
149,Senegal,England,Colombia
150,Morocco,Argentina,Ecuador
151,Argentina,Portugal,Netherlands
152,Argentina,France,Norway
153,Argentina,Netherlands,Norway
154,Norway,Canada,Portugal
155,Argentina,Morocco,Spain
156,Brazil,Morocco,Argentina
157,Mexico,France,Ghana
158,Brazil,United States,France
159,Germany,Brazil,Argentina
160,Brazil,France,Argentina
161,Argentina,Morocco,Portugal
162,Belgium,England,Netherlands
163,Japan,Netherlands,Senegal
164,Colombia,France,Belgium
165,Netherlands,Australia,Austria
166,Switzerland,France,Belgium
167,France,Ghana,England
168,Germany,Algeria,Mexico
169,France,England,Spain
170,Germany,England,Bosnia-Herzegovina
171,Spain,Colombia,Morocco
172,Portugal,Ecuador,Argentina
173,Argentina,Germany,England
174,Portugal,Colombia,Japan
175,England,Spain,France
176,Brazil,Spain,France
177,Argentina,Morocco,Spain
178,Argentina,Belgium,Ecuador
179,Portugal,Japan,Argentina
180,Netherlands,Colombia,Japan
181,France,Colombia,Austria
182,France,Argentina,Brazil
183,France,Argentina,Austria
184,Colombia,Netherlands,Belgium
185,Argentina,France,England
186,Argentina,Netherlands,United States
187,Switzerland,Portugal,France
188,Croatia,Ecuador,Germany
189,Argentina,France,England
190,Japan,Netherlands,Portugal
191,France,England,Australia
192,Japan,France,Colombia
193,Austria,Colombia,England
194,England,Morocco,Argentina
195,Brazil,Sweden,Colombia
196,England,France,Senegal
197,Brazil,Netherlands,Argentina
198,France,Algeria,Ecuador
199,England,Spain,France
200,Croatia,Egypt,Ecuador
201,Spain,Brazil,Argentina
202,Brazil,Canada,Egypt
203,England,Belgium,France
204,Netherlands,Brazil,Algeria
205,France,Ecuador,Senegal
206,Netherlands,Brazil,Colombia
207,France,Ivory Coast,Argentina
208,Spain,Australia,France
209,Brazil,Spain,France
210,Portugal,Argentina,Netherlands
211,Portugal,Algeria,Germany
212,Netherlands,Argentina,Belgium
213,France,Brazil,Belgium
214,Netherlands,Norway,Australia
215,Netherlands,Algeria,Ivory Coast
216,France,Norway,Cape Verde Islands
217,Colombia,Morocco,Ecuador
218,Belgium,Egypt,Netherlands
219,Algeria,Canada,Mexico
220,England,Netherlands,Argentina
221,France,Ivory Coast,Colombia
222,Argentina,Austria,Netherlands
223,Argentina,Spain,England
224,Algeria,France,Spain
225,Argentina,France,United States
226,Ecuador,Portugal,Morocco
227,Morocco,Argentina,Brazil
228,France,Argentina,Portugal
229,England,France,Australia
230,England,United States,Colombia
231,Colombia,Morocco,Portugal
232,Ghana,Morocco,Austria
233,France,Argentina,Brazil
234,Croatia,Australia,Japan
235,Argentina,France,United States
236,England,Austria,Argentina
237,Argentina,Spain,England
238,Portugal,Switzerland,France
239,Belgium,Colombia,Norway
240,France,Ecuador,Spain
241,Spain,Mexico,Switzerland
242,Portugal,Argentina,Morocco
243,France,Ivory Coast,Croatia
244,France,Switzerland,Spain
245,Portugal,Argentina,Brazil
246,Portugal,England,Germany
247,Argentina,Netherlands,England
248,England,Germany,Argentina
249,England,France,Switzerland
250,Argentina,Netherlands,Spain
251,Belgium,Ivory Coast,Colombia
252,Spain,Ivory Coast,Argentina
253,Spain,Algeria,England
254,France,Mexico,Portugal
255,Algeria,France,England
256,Morocco,Argentina,Belgium
257,Spain,Colombia,France
258,France,Brazil,United States
259,Argentina,United States,Sweden
260,Netherlands,Argentina,England
261,Argentina,France,Spain
262,France,Argentina,Belgium
263,Argentina,Austria,Brazil
264,Mexico,Belgium,Colombia
265,Belgium,Colombia,Germany
266,Spain,Japan,Australia
267,Morocco,Argentina,Senegal
268,Argentina,Netherlands,England
269,Portugal,Argentina,Morocco
270,Germany,Switzerland,Belgium
271,France,Mexico,Spain
272,England,Spain,Colombia
273,Spain,Congo DR,Algeria
274,France,Ghana,Japan
275,Colombia,Netherlands,England
276,Argentina,Canada,Senegal
277,Mexico,France,Belgium
278,Canada,Algeria,Japan
279,England,France,Austria
280,Australia,Senegal,France
281,Morocco,Mexico,Egypt
282,France,Mexico,Austria
283,Argentina,Netherlands,Portugal
284,Germany,England,Argentina
285,Norway,United States,Argentina
286,Spain,Colombia,Mexico
287,Argentina,Canada,Mexico
288,Argentina,France,Japan
289,Spain,Argentina,France
290,Portugal,Ivory Coast,Switzerland
291,Morocco,Japan,Spain
292,Argentina,Canada,Croatia
293,Portugal,England,Netherlands
294,Japan,Spain,Canada
295,Morocco,Algeria,Belgium
296,France,England,Spain
297,Spain,Colombia,Brazil
298,France,Japan,Colombia
299,England,Austria,Egypt
300,England,Germany,Austria
301,Australia,Netherlands,Belgium
302,Germany,Colombia,Portugal
303,England,Austria,Canada
304,Ghana,Spain,Japan
305,Morocco,Argentina,Senegal
306,Argentina,France,Mexico
307,France,England,Australia
308,France,Mexico,Portugal
309,Germany,Ivory Coast,Argentina
310,Japan,Senegal,Canada
311,Australia,United States,Congo DR
312,Algeria,Netherlands,Belgium
313,Argentina,Belgium,Canada
314,Argentina,France,Spain
315,England,Spain,Netherlands
316,Ivory Coast,Belgium,Algeria
317,England,United States,Sweden
318,Switzerland,France,Brazil
319,France,England,Spain
320,Argentina,Belgium,England
321,Netherlands,Ghana,Spain
322,Germany,Australia,Portugal
323,Spain,Brazil,France
324,Belgium,Japan,Germany
325,France,Mexico,Colombia
326,France,Argentina,Croatia
327,England,France,Belgium
328,Spain,Argentina,France
329,England,Spain,Switzerland
330,Argentina,Spain,Mexico
331,Argentina,Germany,England
332,Colombia,Spain,Brazil
333,Senegal,England,France
334,Japan,Netherlands,Spain
335,France,England,Spain
336,Argentina,Canada,Portugal
337,France,Ivory Coast,Belgium
338,Norway,Germany,Spain
339,Argentina,France,United States
340,Argentina,Germany,Belgium
341,Switzerland,Sweden,Norway
342,Mexico,Portugal,Australia
343,Spain,Argentina,Mexico
344,Colombia,Germany,Spain
345,Portugal,Brazil,Netherlands
346,Portugal,Colombia,Brazil
347,Argentina,Germany,Belgium
348,Argentina,Belgium,Paraguay
349,Netherlands,England,Algeria
350,Austria,Ghana,Netherlands
351,Portugal,England,France
352,Ecuador,Belgium,Germany
353,Portugal,England,Colombia
354,Netherlands,Argentina,Brazil
355,Argentina,France,Bosnia-Herzegovina
356,Belgium,Australia,France
357,Colombia,Germany,Spain
358,France,Brazil,Argentina
359,Australia,Morocco,Senegal
360,Senegal,Switzerland,France
361,Netherlands,Argentina,Croatia
362,Brazil,Germany,Argentina
363,Spain,Australia,Japan
364,France,Brazil,Spain
365,Argentina,Senegal,Netherlands
366,Brazil,Morocco,Argentina
367,Brazil,Austria,Germany
368,Morocco,Egypt,Spain
369,France,Japan,Spain
370,Argentina,Spain,Morocco
371,France,Algeria,Portugal
372,Argentina,United States,Germany
373,Croatia,Japan,Germany
374,Belgium,Argentina,Japan
375,Spain,Brazil,France
376,Spain,England,Egypt
377,Portugal,Switzerland,Brazil
378,Argentina,Spain,Brazil
379,Netherlands,Mexico,Spain
380,Argentina,France,Norway
381,Brazil,Netherlands,Egypt
382,Portugal,Argentina,Netherlands
383,Austria,Japan,Germany
384,Argentina,Morocco,Spain
385,Japan,France,Argentina
386,Canada,Australia,Ivory Coast
387,Argentina,Portugal,Germany
388,Argentina,Germany,Austria
389,Argentina,Austria,Morocco
390,France,Australia,Belgium
391,Colombia,Portugal,Mexico
392,Spain,Argentina,Netherlands
393,Argentina,Belgium,Canada
394,Portugal,Brazil,Switzerland
395,Argentina,Sweden,Ecuador
396,Morocco,Algeria,England
397,Spain,England,Argentina
398,Argentina,Germany,Brazil
399,Spain,England,Egypt
400,France,Egypt,Mexico
401,Japan,Morocco,Spain
402,England,United States,Netherlands
403,France,Argentina,Brazil
404,Colombia,France,Japan
405,Switzerland,France,Japan
406,Spain,Argentina,Morocco
407,England,France,Colombia
408,Austria,Argentina,France
409,England,Netherlands,Colombia
410,Spain,Argentina,Germany
411,Brazil,Belgium,Germany
412,England,Spain,France
413,Argentina,Croatia,England
414,England,France,Argentina
415,Spain,Norway,Algeria
416,Morocco,Colombia,Japan
417,Portugal,Japan,Germany
418,Belgium,Argentina,England
419,Argentina,Belgium,Brazil
420,Switzerland,Spain,Sweden
421,Argentina,Germany,Ecuador
422,United States,Switzerland,Netherlands
423,Belgium,Argentina,Brazil
424,Japan,Netherlands,Colombia
425,Morocco,Argentina,Brazil
426,Brazil,Morocco,Argentina
427,Algeria,Spain,France
428,Portugal,Switzerland,England
429,Netherlands,Argentina,Croatia
430,France,Argentina,Japan
431,France,England,Australia
432,Spain,Argentina,England
433,England,Portugal,Algeria
434,Spain,Argentina,France
435,Spain,Australia,England
436,England,Spain,Argentina
437,Algeria,Portugal,Germany
438,Croatia,Colombia,Netherlands
439,Argentina,Netherlands,Belgium
440,Argentina,Spain,England
441,France,Australia,Brazil
442,Belgium,England,Australia
443,Belgium,Colombia,France
444,France,Argentina,Spain
445,Canada,Egypt,England
446,France,Colombia,Spain
447,Netherlands,Argentina,Spain
448,Mexico,Croatia,Germany
449,Japan,France,Cape Verde Islands
450,Argentina,Croatia,England
451,Argentina,United States,Norway
452,France,Argentina,Brazil
453,Portugal,Brazil,Paraguay
454,Colombia,Spain,Netherlands
455,Brazil,Netherlands,Cape Verde Islands
456,Netherlands,Brazil,Bosnia-Herzegovina
457,Argentina,Morocco,United States
458,France,Argentina,Spain
459,France,Australia,Mexico
460,England,Belgium,Canada
461,Mexico,Belgium,Netherlands
462,Japan,Austria,Germany
463,Spain,Ecuador,Netherlands
464,France,England,Spain
465,England,Germany,Egypt
466,France,England,Argentina
467,Argentina,France,Japan
468,Argentina,Netherlands,England
469,Japan,Germany,Argentina
470,Congo DR,Paraguay,Colombia
471,Spain,Algeria,Morocco
472,France,Australia,Ivory Coast
473,Argentina,Senegal,Germany
474,France,Mexico,Switzerland
475,Mexico,France,Spain
476,Norway,Portugal,France
477,Brazil,Spain,Egypt
478,Argentina,France,England
479,England,United States,Colombia
480,France,Colombia,Senegal
481,Argentina,Spain,Canada
482,France,Colombia,Mexico
483,Japan,Germany,United States
484,Argentina,Sweden,Croatia
485,Spain,England,France
486,England,Netherlands,Belgium
487,England,France,Argentina
488,Morocco,Japan,Portugal
489,Switzerland,Paraguay,United States
490,Colombia,Germany,Spain
491,Algeria,Portugal,Brazil
492,Canada,Argentina,England
493,Belgium,England,France
494,Argentina,Germany,Mexico
495,England,Spain,Colombia
496,Japan,France,Argentina
497,France,Ivory Coast,Portugal
498,Spain,Brazil,Argentina
499,France,Brazil,Colombia
500,Mexico,Belgium,Argentina
501,Portugal,Argentina,Netherlands
502,Norway,France,Argentina
503,Portugal,England,Switzerland
504,Colombia,France,Austria
505,Netherlands,Norway,Spain
506,Spain,Argentina,France
507,Brazil,Netherlands,Ghana
508,France,Egypt,Belgium
509,Japan,Portugal,Netherlands
510,Spain,Brazil,Argentina
511,England,Netherlands,Argentina
512,Argentina,Spain,Germany
513,United States,Mexico,Morocco
514,Morocco,Colombia,Portugal
515,Ivory Coast,Portugal,Algeria
516,Canada,Colombia,United States
517,Senegal,Ecuador,France
518,Portugal,England,Argentina
519,Brazil,Netherlands,Australia
520,Argentina,Belgium,Germany
521,Argentina,France,England
522,Switzerland,Netherlands,Spain
523,France,Argentina,Belgium
524,Portugal,Argentina,Brazil
525,France,England,Senegal
526,Portugal,Egypt,Japan
527,Argentina,Belgium,France
528,Morocco,Colombia,Belgium
529,Norway,Spain,France
530,Norway,Canada,Colombia
531,Australia,Netherlands,Spain
532,England,France,Spain
533,Argentina,United States,England
534,Argentina,Canada,Norway
535,Argentina,Netherlands,Japan
536,United States,Argentina,Germany
537,Netherlands,Colombia,Brazil
538,Argentina,Spain,France
539,France,Algeria,Spain
540,France,Japan,Spain
541,Argentina,Germany,Brazil
542,Norway,Canada,Senegal
543,Portugal,Ivory Coast,Colombia
544,Ivory Coast,Portugal,Argentina
545,Germany,England,Egypt
546,France,Argentina,Ivory Coast
547,Ecuador,Germany,Austria
548,Spain,Norway,Germany
549,England,Spain,Argentina
550,Spain,Japan,Netherlands
551,Colombia,Spain,Netherlands
552,Germany,Norway,Colombia
553,Netherlands,Ivory Coast,Senegal
554,France,England,Argentina
555,Argentina,France,Brazil
556,France,Ivory Coast,Algeria
557,Morocco,Colombia,United States
558,Portugal,Argentina,England
559,Japan,United States,Sweden
560,Colombia,France,Spain
561,Argentina,Spain,Morocco
562,France,Argentina,Portugal
563,Argentina,Spain,Netherlands
564,Colombia,Croatia,Ecuador
565,Portugal,Argentina,England
566,Brazil,Spain,Morocco
567,England,France,Argentina
568,Australia,Germany,Japan
569,Mexico,France,Belgium
570,Argentina,Germany,Mexico
571,Morocco,Colombia,Ecuador
572,Netherlands,Norway,Spain
573,Belgium,Ghana,England
574,France,England,Spain
575,Colombia,Belgium,England
576,France,Brazil,Ghana
577,Argentina,France,Belgium
578,England,Senegal,Switzerland
579,Algeria,Netherlands,England
580,England,Spain,Netherlands
581,United States,Colombia,Morocco
582,England,Austria,France
583,Ecuador,Spain,Colombia
584,Spain,Argentina,Brazil
585,Argentina,Portugal,Norway
586,Colombia,Spain,Japan
587,Mexico,Senegal,Germany
588,Argentina,Germany,Spain
589,Mexico,Portugal,Sweden
590,Ecuador,Belgium,Switzerland
591,Canada,Ivory Coast,Switzerland
592,France,Brazil,United States
593,France,Mexico,Spain
594,France,Norway,Spain
595,Algeria,Bosnia-Herzegovina,Netherlands
596,Spain,Ghana,Germany
597,Spain,Australia,England
598,Spain,Brazil,Argentina
599,France,Colombia,Belgium
600,Germany,Brazil,Senegal
601,United States,Japan,Switzerland
602,France,Colombia,Japan
603,Netherlands,Argentina,Spain
604,Spain,Argentina,France
605,England,Senegal,France
606,Spain,Mexico,Argentina
607,Senegal,England,Argentina
608,Spain,Argentina,Mexico
609,United States,Algeria,Morocco
610,Mexico,Spain,France
611,Ivory Coast,Spain,Germany
612,Paraguay,Colombia,England
613,France,Australia,Japan
614,Portugal,Brazil,Argentina
615,Mexico,Belgium,Switzerland
616,Spain,Switzerland,France
617,Germany,England,Spain
618,Norway,Croatia,Paraguay
619,Germany,Japan,Egypt
620,Switzerland,France,Brazil
621,Japan,France,Australia
622,England,Spain,Colombia
623,Japan,Netherlands,Argentina
624,Netherlands,Argentina,England
625,Argentina,Morocco,Brazil
626,Ivory Coast,France,Switzerland
627,Senegal,England,France
628,Colombia,Germany,Spain
629,Norway,Croatia,Australia
630,Brazil,Morocco,Spain
631,Argentina,United States,Brazil
632,Argentina,Netherlands,Spain
633,Brazil,Spain,France
634,France,Ivory Coast,Switzerland
635,France,Japan,Portugal
636,Spain,Switzerland,Canada
637,Spain,Japan,France
638,Canada,England,Argentina
639,Ivory Coast,Germany,Egypt
640,Spain,England,Germany
641,Spain,Switzerland,Morocco
642,Belgium,Argentina,Netherlands
643,Argentina,Netherlands,Portugal
644,France,England,Argentina
645,Brazil,Paraguay,Spain
646,England,United States,Netherlands
647,France,Egypt,England
648,France,England,Argentina
649,Spain,Japan,Sweden
650,France,Argentina,Spain
651,Spain,Mexico,Colombia
652,France,England,Argentina
653,England,Morocco,Argentina
654,Brazil,Belgium,France
655,England,Belgium,France
656,Paraguay,England,Argentina
657,Spain,Egypt,Congo DR
658,France,Ivory Coast,Portugal
659,Mexico,Canada,Colombia
660,Spain,Norway,Argentina
661,Argentina,France,United States
662,Austria,Switzerland,Ivory Coast
663,Senegal,England,Morocco
664,England,Canada,Portugal
665,Senegal,Mexico,Canada
666,Argentina,Belgium,Japan
667,Spain,Colombia,Germany
668,Belgium,Egypt,Brazil
669,Belgium,Japan,Switzerland
670,Brazil,France,Portugal
671,Argentina,Spain,Brazil
672,Spain,Argentina,Sweden
673,Netherlands,Colombia,Spain
674,Morocco,England,Spain
675,Portugal,Algeria,France
676,England,Belgium,Netherlands
677,Argentina,Canada,Japan
678,Argentina,Germany,Ecuador
679,Germany,Argentina,Japan
680,France,Argentina,Ecuador
681,Spain,Argentina,Ivory Coast
682,Netherlands,Colombia,Belgium
683,Morocco,Australia,Belgium
684,Brazil,Senegal,Netherlands
685,France,Mexico,Argentina
686,Argentina,France,Spain
687,Switzerland,France,Spain
688,Argentina,Belgium,Brazil
689,Portugal,Brazil,France
690,Morocco,Australia,Portugal
691,Netherlands,England,Argentina
692,Netherlands,England,Austria
693,Netherlands,Norway,Senegal
694,Argentina,Germany,Ecuador
695,Morocco,Colombia,Spain
696,Argentina,Croatia,England
697,Colombia,Spain,Japan
698,Paraguay,Ecuador,Croatia
699,France,Argentina,Norway
700,Argentina,Portugal,France
701,Croatia,Algeria,France
702,Argentina,Austria,Netherlands
703,Spain,Argentina,France
704,France,Norway,Spain
705,Argentina,France,England
706,England,Spain,Switzerland
707,Portugal,Argentina,Canada
708,England,Netherlands,Spain
709,Morocco,England,Argentina
710,France,Brazil,Argentina
711,France,Switzerland,Portugal
712,Netherlands,Argentina,Spain
713,Ecuador,Canada,Belgium
714,Spain,Ivory Coast,Cape Verde Islands
715,Argentina,Netherlands,Mexico
716,Algeria,France,Portugal
717,Switzerland,Belgium,Japan
718,Argentina,Morocco,England
719,Spain,Australia,France
720,Mexico,Spain,France
721,France,Argentina,Brazil
722,Belgium,Brazil,Morocco
723,Australia,Spain,Brazil
724,England,United States,Netherlands
725,Ivory Coast,Portugal,Netherlands
726,Australia,France,Belgium
727,France,Brazil,Portugal
728,Portugal,England,Colombia
729,Netherlands,Ghana,Norway
730,Spain,Brazil,France
731,Algeria,United States,Brazil
732,Ecuador,Spain,Argentina
733,Spain,Argentina,Mexico
734,France,Colombia,Mexico
735,Switzerland,Portugal,Brazil
736,Argentina,France,Ecuador
737,Brazil,Netherlands,Colombia
738,France,Ivory Coast,Austria
739,Argentina,Canada,Portugal
740,England,Spain,Germany
741,Netherlands,Colombia,Portugal
742,Argentina,Spain,France
743,Argentina,France,England
744,Germany,Mexico,Argentina
745,Argentina,Morocco,Croatia
746,France,Brazil,Senegal
747,Senegal,Argentina,England
748,Brazil,France,Argentina
749,Mexico,Germany,Spain
750,France,England,Portugal
751,Brazil,France,Belgium
752,United States,Mexico,Canada
753,Spain,Japan,Switzerland
754,Argentina,Belgium,England
755,Mexico,Morocco,Portugal
756,Brazil,Spain,Colombia
757,Portugal,Japan,Canada
758,Algeria,Morocco,Portugal
759,England,France,Colombia
760,Japan,France,Argentina
761,Brazil,Germany,Colombia
762,England,France,United States
763,Netherlands,England,Senegal
764,Argentina,France,Portugal
765,Argentina,Belgium,Mexico
766,Germany,Argentina,Brazil
767,Japan,Senegal,Switzerland
768,France,Brazil,Spain
769,Argentina,United States,Norway
770,Switzerland,France,Norway
771,Germany,Argentina,Spain
772,Spain,Brazil,France
773,England,Netherlands,Senegal
774,Japan,France,Portugal
775,Argentina,France,Japan
776,Norway,Belgium,Switzerland
777,Argentina,Portugal,Ivory Coast
778,Croatia,Argentina,France
779,France,Argentina,Austria
780,Spain,Brazil,Morocco
781,Argentina,Spain,France
782,France,Norway,Colombia
783,Germany,Colombia,Mexico
784,Belgium,Brazil,Switzerland
785,France,Argentina,Belgium
786,Colombia,Canada,England
787,Belgium,Brazil,France
788,Portugal,England,Morocco
789,Japan,Austria,Argentina
790,Germany,Norway,Australia
791,Brazil,United States,Germany
792,France,England,Portugal
793,Argentina,Canada,Belgium
794,Argentina,Portugal,England
795,England,United States,Germany
796,Germany,Colombia,Spain
797,France,Argentina,Ivory Coast
798,Belgium,Argentina,Japan
799,France,Norway,Argentina
800,Norway,Morocco,Belgium
801,Morocco,Australia,Brazil
802,Switzerland,Belgium,Brazil
803,Ecuador,Morocco,Cape Verde Islands
804,France,England,Spain
805,France,Brazil,Croatia
806,Ivory Coast,Germany,Egypt
807,France,Colombia,Norway
808,Argentina,Senegal,Canada
809,Portugal,Japan,Netherlands
810,Portugal,Algeria,Ivory Coast
811,France,Colombia,Brazil
812,France,Brazil,Colombia
813,Portugal,Colombia,Netherlands
814,Spain,Argentina,Germany
815,Colombia,Senegal,Canada
816,Colombia,Spain,Ecuador
817,France,England,Argentina
818,Colombia,Canada,Spain
819,United States,Colombia,Brazil
820,France,Argentina,Belgium
821,France,Argentina,Japan
822,Portugal,Norway,Netherlands
823,Japan,Netherlands,Spain
824,Colombia,Belgium,Mexico
825,France,Argentina,United States
826,France,Ivory Coast,Spain
827,Morocco,Brazil,Ghana
828,Netherlands,Argentina,United States
829,Japan,Austria,Sweden
830,Portugal,Ecuador,Colombia
831,France,England,Argentina
832,Germany,Australia,United States
833,France,England,Australia
834,Colombia,Germany,Portugal
835,Norway,Belgium,Argentina
836,Colombia,Germany,Bosnia-Herzegovina
837,Brazil,Croatia,Germany
838,United States,Mexico,Canada
839,Senegal,Argentina,Morocco
840,Argentina,Netherlands,England
841,Belgium,Mexico,Paraguay
842,England,France,Spain
843,Argentina,France,Japan
844,England,Senegal,France
845,France,England,Argentina
846,Netherlands,Japan,Belgium
847,Spain,Brazil,France
848,Argentina,France,Austria
849,Australia,Austria,Netherlands
850,Brazil,France,Portugal
851,Colombia,United States,Morocco
852,United States,Brazil,Morocco
853,Argentina,Senegal,Brazil
854,Netherlands,Argentina,Spain
855,Spain,Ecuador,France
856,Germany,Brazil,United States
857,Spain,Argentina,Netherlands
858,Brazil,Canada,Spain
859,Spain,Japan,Colombia
860,Argentina,France,England
861,Netherlands,England,Egypt
862,France,Algeria,Spain
863,Argentina,Netherlands,England
864,Netherlands,Algeria,Senegal
865,France,Algeria,United States
866,Netherlands,Argentina,Croatia
867,Spain,Argentina,France
868,Spain,Argentina,Mexico
869,Spain,Ecuador,Switzerland
870,Brazil,France,Belgium
871,England,Morocco,Egypt
872,England,Germany,Argentina
873,Netherlands,Switzerland,England
874,England,Netherlands,Belgium
875,France,Mexico,Argentina
876,England,Canada,Spain
877,Japan,Belgium,Algeria
878,Norway,Germany,Colombia
879,Spain,England,Germany
880,Switzerland,Spain,Mexico
881,Japan,Morocco,Belgium
882,England,Germany,Spain
883,Argentina,France,Japan
884,Brazil,Spain,Colombia
885,France,Ivory Coast,Croatia
886,Switzerland,Spain,England
887,Spain,Argentina,Mexico
888,Argentina,Croatia,Mexico
889,England,Germany,Austria
890,Belgium,England,Germany
891,Japan,Austria,Germany
892,France,Colombia,Mexico
893,England,Morocco,Argentina
894,Argentina,Germany,Belgium
895,Spain,Algeria,France
896,Argentina,Spain,Germany
897,England,Spain,Australia
898,France,Mexico,Argentina
899,Brazil,Morocco,Croatia
900,Argentina,Croatia,Brazil
901,Netherlands,Japan,Belgium
902,England,Morocco,Argentina
903,France,Brazil,Switzerland
904,Ghana,Spain,Canada
905,United States,Colombia,France
906,France,Australia,Croatia
907,France,Argentina,Senegal
908,France,Colombia,England
909,Brazil,Netherlands,Belgium
910,Argentina,Netherlands,Ecuador
911,Argentina,Croatia,Norway
912,Morocco,Australia,Belgium
913,England,United States,Netherlands
914,France,England,United States
915,Germany,Argentina,Mexico
916,England,France,Portugal
917,Netherlands,Argentina,Spain
918,Canada,Japan,Switzerland
919,Morocco,Argentina,Spain
920,France,Algeria,Croatia
921,France,England,Argentina
922,England,France,Belgium
923,Argentina,Portugal,England
924,Ecuador,Germany,Colombia
925,France,Congo DR,Australia
926,Mexico,France,United States
927,England,Spain,Argentina
928,Japan,France,Argentina
929,Spain,Argentina,England
930,Canada,England,Argentina
931,France,Ivory Coast,Portugal
932,Austria,Argentina,Germany
933,Argentina,Netherlands,Brazil
934,England,Portugal,Australia
935,Argentina,Sweden,Belgium
936,Switzerland,Paraguay,England
937,France,Argentina,Senegal
938,Japan,Spain,Germany
939,Netherlands,England,Colombia
940,Argentina,Portugal,Netherlands
941,Egypt,Senegal,Brazil
942,France,Australia,United States
943,England,France,Argentina
944,France,Mexico,Spain
945,Colombia,Canada,England
946,Argentina,France,Brazil
947,Spain,Argentina,England
948,France,Switzerland,Croatia
949,Argentina,Morocco,United States
950,Japan,Croatia,Germany
951,Argentina,Germany,Brazil
952,France,Argentina,Mexico
953,Argentina,Croatia,Canada
954,Spain,Australia,Germany
955,Senegal,England,Algeria
956,Belgium,Egypt,Mexico
957,France,Colombia,Senegal
958,Canada,Colombia,Ecuador
959,Argentina,Portugal,Canada
960,Netherlands,England,Argentina
961,France,Brazil,Colombia
962,Belgium,Ghana,France
963,Argentina,France,Ivory Coast
964,Spain,Argentina,France
965,Spain,Argentina,Mexico
966,England,Morocco,Portugal
967,Spain,England,Germany
968,Japan,Portugal,Colombia
969,Japan,Germany,Argentina
970,England,Spain,Argentina
971,United States,Norway,Argentina
972,Belgium,Brazil,Germany
973,Japan,France,Colombia
974,Argentina,Netherlands,England
975,England,Portugal,Netherlands
976,Sweden,Egypt,England
977,Argentina,Germany,United States
978,Senegal,Algeria,France
979,Morocco,Mexico,Argentina
980,Portugal,Japan,Colombia
981,Japan,Netherlands,Belgium
982,Norway,Spain,Argentina
983,Senegal,Argentina,Norway
984,Netherlands,Brazil,Switzerland
985,United States,Algeria,Germany
986,Argentina,Canada,Spain
987,France,Argentina,Bosnia-Herzegovina
988,Brazil,Spain,Australia
989,Portugal,Argentina,Brazil
990,Brazil,United States,Colombia
991,Argentina,Paraguay,Spain
992,Senegal,Argentina,Japan
993,Spain,Switzerland,Ecuador
994,Argentina,Netherlands,England
995,England,Spain,Egypt
996,France,Algeria,Brazil
997,England,Canada,Senegal
998,France,Ivory Coast,Colombia
999,Brazil,France,Senegal
1000,Morocco,Argentina,Spain
1001,England,Croatia,Canada
1002,Colombia,United States,England
1003,Japan,Portugal,France
1004,Ivory Coast,Netherlands,Argentina
1005,Netherlands,Mexico,Belgium
1006,Spain,Argentina,Mexico
1007,France,Colombia,United States
1008,Argentina,Spain,Mexico
1009,England,Spain,Colombia
1010,Netherlands,Colombia,Brazil
1011,Switzerland,Spain,France
1012,Netherlands,Australia,Croatia
1013,Colombia,Netherlands,United States
1014,Germany,Brazil,Argentina
1015,England,France,Argentina
1016,Portugal,Japan,Argentina
1017,England,Portugal,France
1018,France,Japan,Argentina
1019,France,Brazil,Bosnia-Herzegovina
1020,Netherlands,England,Spain
1021,Morocco,Ivory Coast,Switzerland
1022,Canada,England,Australia
1023,France,England,Senegal
1024,Australia,Senegal,Brazil
1025,France,Brazil,Colombia
1026,France,Ecuador,Croatia
1027,Argentina,Morocco,England
1028,Argentina,Senegal,Canada
1029,Spain,Switzerland,Canada
1030,Australia,Germany,Spain
1031,Spain,Argentina,Congo DR
1032,Belgium,Switzerland,Netherlands
1033,France,Argentina,England
1034,England,France,Argentina
1035,Spain,Australia,France
1036,Portugal,Algeria,Brazil
1037,Belgium,Switzerland,Paraguay
1038,Portugal,Switzerland,Canada
1039,Portugal,Norway,Argentina
1040,Netherlands,Switzerland,Brazil
1041,Switzerland,Spain,Mexico
1042,Switzerland,Spain,England
1043,Argentina,United States,Brazil
1044,Argentina,Sweden,Mexico
1045,England,United States,France
1046,Netherlands,Argentina,Brazil
1047,England,Netherlands,Colombia
1048,Morocco,Ecuador,Portugal
1049,France,Australia,Spain
1050,Netherlands,Brazil,Colombia
1051,Morocco,Ghana,Ivory Coast
1052,Spain,Japan,Egypt
1053,Argentina,Germany,Senegal
1054,Argentina,Belgium,Brazil
1055,Argentina,France,Ecuador
1056,Brazil,Spain,Canada
1057,Argentina,Croatia,France
1058,Netherlands,Brazil,Portugal
1059,Germany,England,Colombia
1060,Spain,Argentina,Canada
1061,England,Croatia,Netherlands
1062,Germany,Argentina,Japan
1063,England,Germany,Argentina
1064,Belgium,England,Argentina
1065,France,Norway,United States
1066,Mexico,Belgium,Colombia
1067,Croatia,Switzerland,France
1068,Germany,Mexico,Croatia
1069,England,France,Spain
1070,England,France,Argentina
1071,France,Colombia,Brazil
1072,Canada,Japan,Switzerland
1073,Belgium,England,Argentina
1074,Argentina,Canada,England
1075,Norway,France,Argentina
1076,Spain,Argentina,England
1077,Netherlands,England,Spain
1078,Argentina,Croatia,Brazil
1079,Brazil,Belgium,Egypt
1080,Colombia,France,Croatia
1081,France,Colombia,Belgium
1082,Argentina,Belgium,England
1083,Spain,Ecuador,Colombia
1084,Netherlands,Switzerland,Austria
1085,Colombia,Germany,Brazil
1086,Japan,United States,Colombia
1087,Portugal,Colombia,Netherlands
1088,Colombia,Germany,Spain
1089,Croatia,England,Netherlands
1090,Belgium,Argentina,England
1091,Argentina,France,Portugal
1092,Australia,Netherlands,Japan
1093,Brazil,Belgium,Argentina
1094,Ivory Coast,Netherlands,Argentina
1095,Colombia,Paraguay,United States
1096,Argentina,Austria,Canada
1097,France,Argentina,Brazil
1098,France,Japan,Argentina
1099,Argentina,Spain,Netherlands
1100,Germany,Australia,Austria
1101,Spain,Colombia,France
1102,Argentina,Morocco,Japan
1103,France,Argentina,Spain
1104,France,Japan,Portugal
1105,Mexico,Canada,Argentina
1106,Argentina,Morocco,Japan
1107,Argentina,Spain,Sweden
1108,Colombia,Spain,France
1109,Spain,Brazil,Netherlands
1110,Ecuador,France,Argentina
1111,Argentina,Morocco,Spain
1112,Colombia,Netherlands,Japan
1113,United States,Mexico,Argentina
1114,Senegal,Australia,Netherlands
1115,England,Spain,Australia
1116,Argentina,Senegal,Brazil
1117,Argentina,Belgium,Germany
1118,France,Ecuador,Australia
1119,Spain,Colombia,Ecuador
1120,Egypt,France,Portugal
1121,Argentina,Portugal,France
1122,Brazil,Germany,Argentina
1123,Spain,Norway,France
1124,Japan,Croatia,Germany
1125,Spain,Japan,France
1126,Switzerland,France,Mexico
1127,Spain,Argentina,England
1128,Brazil,Spain,France
1129,Ivory Coast,Spain,Algeria
1130,Spain,Norway,Netherlands
1131,France,Egypt,Senegal
1132,Argentina,Germany,Brazil
1133,Argentina,France,Brazil
1134,Argentina,Belgium,Ecuador
1135,Argentina,Senegal,Mexico
1136,Portugal,England,Canada
1137,Portugal,Colombia,France
1138,Croatia,Algeria,France
1139,France,Argentina,Brazil
1140,Morocco,Ivory Coast,Switzerland
1141,Switzerland,Senegal,Germany
1142,Argentina,Belgium,England
1143,England,Senegal,Canada
1144,Brazil,France,Portugal
1145,England,Canada,Argentina
1146,Argentina,Germany,Portugal
1147,Portugal,Colombia,Netherlands
1148,Japan,Netherlands,Colombia
1149,Germany,England,United States
1150,England,Spain,France
1151,Portugal,Norway,Netherlands
1152,Japan,Belgium,France
1153,Colombia,United States,Brazil
1154,Argentina,Spain,Netherlands
1155,England,Canada,Argentina
1156,Ivory Coast,Senegal,Switzerland
1157,Senegal,Norway,Argentina
1158,Canada,Argentina,Japan
1159,Germany,Argentina,Ivory Coast
1160,France,Colombia,Brazil
1161,Netherlands,Brazil,United States
1162,Algeria,Belgium,Brazil
1163,United States,Brazil,France
1164,Belgium,Australia,Morocco
1165,Senegal,Mexico,France
1166,Algeria,Portugal,Paraguay
1167,Colombia,Canada,Norway
1168,Belgium,Argentina,Ecuador
1169,Netherlands,Brazil,Egypt
1170,Brazil,Senegal,Canada
1171,England,Belgium,Egypt
1172,Portugal,Brazil,Netherlands
1173,Colombia,France,Ivory Coast
1174,England,France,Algeria
1175,Argentina,Netherlands,England
1176,England,Belgium,France
1177,Argentina,France,Congo DR
1178,Colombia,Morocco,England
1179,Spain,Argentina,Netherlands
1180,England,Netherlands,Switzerland
1181,Spain,Argentina,Norway
1182,Portugal,Ivory Coast,France
1183,Argentina,Spain,Japan
1184,Japan,Canada,Argentina
1185,France,England,Argentina
1186,Germany,Ivory Coast,Senegal
1187,Argentina,France,Japan
1188,Germany,Ivory Coast,Portugal
1189,Argentina,Morocco,Belgium
1190,Colombia,Sweden,England
1191,England,Germany,Colombia
1192,Ecuador,Spain,France
1193,Switzerland,Belgium,Brazil
1194,Spain,Argentina,Japan
1195,France,Japan,Switzerland
1196,Mexico,Netherlands,Spain
1197,Netherlands,Mexico,Argentina
1198,Argentina,Portugal,England
1199,Belgium,Brazil,Argentina
1200,Portugal,Argentina,Morocco
1201,Portugal,Mexico,France
1202,France,England,Belgium
1203,Netherlands,Brazil,Senegal
1204,Colombia,France,Spain
1205,Senegal,Colombia,Norway
1206,Sweden,Switzerland,Croatia
1207,Belgium,Mexico,Switzerland
1208,Spain,Argentina,Norway
1209,Argentina,Netherlands,England
1210,Japan,Spain,France
1211,Ivory Coast,Netherlands,Argentina
1212,Colombia,United States,France
1213,Portugal,Japan,France
1214,France,Colombia,Ivory Coast
1215,Portugal,Ivory Coast,Switzerland
1216,Portugal,Switzerland,England
1217,Argentina,Netherlands,Portugal
1218,Switzerland,Canada,Croatia
1219,Germany,Mexico,Switzerland
1220,Argentina,Senegal,Morocco
1221,Portugal,England,Argentina
1222,Germany,England,Switzerland
1223,Spain,Argentina,Japan
1224,Netherlands,Algeria,Mexico
1225,England,Morocco,Colombia
1226,Germany,Australia,Senegal
1227,Spain,Argentina,Brazil
1228,Netherlands,Argentina,Portugal
1229,United States,Mexico,Netherlands
1230,Colombia,Belgium,France
1231,Spain,Colombia,England
1232,Brazil,Portugal,France
1233,Argentina,Canada,Japan
1234,France,Ivory Coast,Spain
1235,Algeria,Morocco,Belgium
1236,Brazil,Spain,Egypt
1237,Belgium,Argentina,Mexico
1238,France,Norway,Argentina
1239,Argentina,Spain,Netherlands
1240,Argentina,Sweden,Brazil
1241,France,Algeria,United States
1242,Brazil,Senegal,Morocco
1243,England,Spain,France
1244,Portugal,Argentina,Brazil
1245,Norway,Canada,United States
1246,Netherlands,Brazil,Switzerland
1247,Morocco,Colombia,Brazil
1248,France,England,Spain
1249,France,Brazil,Portugal
1250,Spain,Argentina,Mexico
1251,Brazil,Senegal,Argentina
1252,Ivory Coast,Spain,Netherlands
1253,France,Switzerland,Belgium
1254,England,France,Argentina
1255,France,England,Argentina
1256,Argentina,Germany,Norway
1257,England,Portugal,Paraguay
1258,Portugal,England,Argentina
1259,Mexico,Spain,France
1260,France,Argentina,Senegal
1261,Colombia,Spain,France
1262,Argentina,France,Senegal
1263,France,England,Colombia
1264,Canada,Japan,Austria
1265,France,Argentina,Austria
1266,France,Argentina,Spain
1267,Netherlands,Argentina,England
1268,Senegal,Australia,England
1269,Argentina,Netherlands,England
1270,France,Argentina,Spain
1271,Argentina,Senegal,Ecuador
1272,England,Netherlands,Argentina
1273,England,France,Colombia
1274,Mexico,Spain,France
1275,England,Germany,Belgium
1276,Portugal,England,Egypt
1277,Senegal,Australia,England
1278,Argentina,Senegal,Germany
1279,Norway,Croatia,Argentina
1280,England,France,Belgium
1281,Australia,France,Belgium
1282,Spain,Australia,Japan
1283,Spain,England,Germany
1284,Brazil,Paraguay,Argentina
1285,France,Japan,Croatia
1286,Brazil,Netherlands,Spain
1287,Argentina,France,Croatia
1288,Austria,England,Netherlands
1289,France,Japan,Colombia
1290,Argentina,Senegal,Ivory Coast
1291,Brazil,Spain,Netherlands
1292,Ecuador,France,Belgium
1293,Brazil,France,Spain
1294,Argentina,France,England
1295,England,Germany,Argentina
1296,Morocco,Mexico,Australia
1297,Argentina,Netherlands,Ecuador
1298,Canada,Switzerland,England
1299,Netherlands,Switzerland,Ecuador
1300,Netherlands,Egypt,Ivory Coast
1301,Belgium,Mexico,Argentina
1302,France,Mexico,Argentina
1303,Argentina,Portugal,Brazil
1304,Portugal,Egypt,Mexico
1305,Germany,Egypt,United States
1306,Argentina,Spain,Canada
1307,Brazil,Netherlands,Argentina
1308,Germany,Japan,Algeria
1309,Argentina,Spain,England
1310,England,Spain,Argentina
1311,Spain,Egypt,Ivory Coast
1312,Belgium,Australia,Canada
1313,Argentina,Belgium,Morocco
1314,Belgium,Argentina,Brazil
1315,Brazil,Spain,Colombia
1316,France,Argentina,Mexico
1317,Morocco,Egypt,Norway
1318,England,Spain,Egypt
1319,United States,Algeria,Morocco
1320,Spain,Brazil,France
1321,Argentina,Netherlands,Spain
1322,Ecuador,Spain,Algeria
1323,Japan,United States,France
1324,Brazil,France,Algeria
1325,Brazil,Paraguay,Belgium
1326,France,Colombia,Mexico
1327,Netherlands,Colombia,Belgium
1328,England,Spain,Netherlands
1329,France,England,Algeria
1330,Senegal,Argentina,Netherlands
1331,Argentina,United States,Sweden
1332,France,Argentina,Belgium
1333,France,Colombia,England
1334,Argentina,Netherlands,Ivory Coast
1335,Spain,Mexico,Egypt
1336,Brazil,France,Austria
1337,England,France,Switzerland
1338,England,Canada,Senegal
1339,France,Japan,Spain
1340,Belgium,Brazil,Canada
1341,France,England,Argentina
1342,Ivory Coast,Sweden,Argentina
1343,England,France,United States
1344,Ivory Coast,Belgium,France
1345,Spain,Mexico,Algeria
1346,France,Algeria,Norway
1347,Brazil,France,Spain
1348,Ivory Coast,Morocco,United States
1349,Japan,Morocco,Belgium
1350,Colombia,Austria,England
1351,Bosnia-Herzegovina,Argentina,England
1352,Switzerland,Belgium,Germany
1353,Croatia,Argentina,France
1354,Portugal,England,Argentina
1355,Argentina,Belgium,Japan
1356,Belgium,Ivory Coast,Argentina
1357,France,Norway,Senegal
1358,Spain,Japan,Sweden
1359,Argentina,Spain,Ivory Coast
1360,Senegal,Argentina,Canada
1361,Portugal,Norway,Canada
1362,Spain,Brazil,Argentina
1363,Spain,Argentina,Brazil
1364,France,England,Colombia
1365,Austria,Mexico,Switzerland
1366,Spain,Norway,France
1367,Portugal,Japan,Switzerland
1368,Brazil,Spain,Switzerland
1369,England,Portugal,Argentina
1370,Netherlands,Argentina,Belgium
1371,France,Ecuador,Spain
1372,Germany,England,Switzerland
1373,Spain,Argentina,France
1374,Spain,Argentina,Netherlands
1375,France,Brazil,Austria
1376,Algeria,Belgium,Ivory Coast
1377,Japan,Germany,Bosnia-Herzegovina
1378,Portugal,Argentina,Sweden
1379,Argentina,Morocco,Croatia
1380,Austria,England,Argentina
1381,England,Netherlands,Argentina
1382,England,Senegal,France
1383,Argentina,France,Portugal
1384,France,Mexico,Switzerland
1385,Portugal,Norway,Netherlands
1386,France,Argentina,United States
1387,Spain,Argentina,Canada
1388,Argentina,France,Croatia
1389,Argentina,Austria,Brazil
1390,Argentina,Germany,Spain
1391,Belgium,Ivory Coast,Argentina
1392,France,Ghana,Spain
1393,Argentina,France,United States
1394,Netherlands,Argentina,Belgium
1395,Belgium,Argentina,Paraguay
1396,England,Belgium,France
1397,Argentina,Portugal,France
1398,Netherlands,Japan,Senegal
1399,France,Egypt,Austria
1400,France,England,Spain
1401,Portugal,Ivory Coast,Canada
1402,Argentina,United States,Germany
1403,France,Argentina,England
1404,Japan,Spain,Netherlands
1405,Spain,Argentina,Morocco
1406,Ivory Coast,United States,Argentina
1407,England,Paraguay,Spain
1408,Argentina,Spain,Mexico
1409,Norway,United States,Colombia
1410,Spain,Argentina,France
1411,Argentina,Senegal,Japan
1412,Morocco,England,Portugal
1413,Argentina,Canada,Japan
1414,Portugal,Norway,Canada
1415,Senegal,Colombia,Norway
1416,Colombia,Senegal,Morocco
1417,Argentina,Germany,Mexico
1418,Argentina,Spain,Canada
1419,France,Japan,Senegal
1420,Argentina,Spain,France
1421,Argentina,Netherlands,Brazil
1422,Japan,France,Spain
1423,Mexico,Spain,Sweden
1424,Spain,Brazil,Netherlands
1425,Australia,Spain,Netherlands
1426,Germany,Algeria,Brazil
1427,Portugal,Japan,Argentina
1428,France,England,Australia
1429,Argentina,France,Spain
1430,Senegal,Argentina,Netherlands
1431,Argentina,Germany,Mexico
1432,Paraguay,Argentina,Norway
1433,United States,Colombia,Brazil
1434,France,Colombia,Japan
1435,Austria,Mexico,France
1436,Senegal,Algeria,Japan
1437,France,Norway,Croatia
1438,Belgium,England,Germany
1439,Egypt,France,Belgium
1440,Netherlands,Ivory Coast,Colombia
1441,Croatia,Ecuador,Colombia
1442,Argentina,Belgium,Netherlands
1443,Brazil,Canada,Argentina
1444,Croatia,Egypt,France
1445,Mexico,Sweden,Argentina
1446,Japan,Spain,Argentina
1447,Argentina,Belgium,Netherlands
1448,United States,Colombia,Netherlands
1449,France,Colombia,Brazil
1450,England,France,Argentina
1451,Paraguay,Brazil,Argentina
1452,Argentina,Morocco,Brazil
1453,England,Portugal,Colombia
1454,Belgium,Mexico,Australia
1455,France,Algeria,Brazil
1456,Brazil,United States,Canada
1457,Spain,Brazil,France
1458,Germany,Mexico,Argentina
1459,Brazil,Netherlands,Belgium
1460,Switzerland,France,Belgium
1461,France,Mexico,Spain
1462,Argentina,Germany,Spain
1463,Japan,Senegal,Canada
1464,Portugal,Colombia,England
1465,Spain,Ivory Coast,Colombia
1466,France,Argentina,Belgium
1467,England,France,Portugal
1468,Spain,Argentina,Netherlands
1469,France,Algeria,Portugal
1470,Spain,Switzerland,Canada
1471,Argentina,France,Ivory Coast
1472,Colombia,Canada,Mexico
1473,Argentina,Spain,Netherlands
1474,England,Spain,Morocco
1475,Argentina,France,England
1476,Spain,Colombia,Ivory Coast
1477,Argentina,Netherlands,Brazil
1478,Egypt,Spain,Germany
1479,Australia,Belgium,Brazil
1480,England,Spain,Netherlands
1481,Spain,Ivory Coast,Argentina
1482,Argentina,Germany,Japan
1483,Netherlands,Ivory Coast,Argentina
1484,France,Australia,Brazil
1485,Brazil,Austria,Argentina
1486,Brazil,Morocco,Argentina
1487,Belgium,England,France
1488,Argentina,France,Brazil
1489,Germany,Cape Verde Islands,Brazil
1490,England,Germany,Argentina
1491,Colombia,Spain,Germany
1492,Argentina,United States,France
1493,Morocco,Colombia,Portugal
1494,England,Portugal,Morocco
1495,Spain,Ecuador,Argentina
1496,Japan,United States,Argentina
1497,Norway,Germany,Senegal
1498,France,Ecuador,Austria
1499,France,Argentina,Norway
1500,Paraguay,Mexico,Colombia
1501,United States,Brazil,Algeria
1502,Argentina,France,Croatia
1503,France,Argentina,Norway
1504,Canada,Brazil,Argentina
1505,Portugal,Algeria,Japan
1506,Mexico,France,Argentina
1507,Argentina,Morocco,England
1508,Netherlands,Argentina,Brazil
1509,France,Ecuador,Colombia
1510,Norway,Spain,Netherlands
1511,Argentina,Portugal,Brazil
1512,Germany,Argentina,Portugal
1513,Japan,Netherlands,Switzerland
1514,Argentina,France,England
1515,Spain,England,Netherlands
1516,Argentina,Austria,England
1517,Netherlands,Ivory Coast,Ghana
1518,France,Colombia,England
1519,Brazil,Germany,Argentina
1520,Argentina,Canada,England
1521,Colombia,Austria,Ivory Coast
1522,Spain,Norway,Switzerland
1523,Argentina,Portugal,Mexico
1524,England,Germany,Australia
1525,Senegal,Mexico,France
1526,Argentina,Netherlands,Japan
1527,France,Argentina,Brazil
1528,Argentina,France,Ivory Coast
1529,Netherlands,Mexico,Belgium
1530,Mexico,Portugal,Canada
1531,France,Argentina,Portugal
1532,Netherlands,Colombia,Portugal
1533,France,Ecuador,Spain
1534,Germany,England,United States
1535,France,Australia,Brazil
1536,Sweden,Argentina,Norway
1537,Brazil,France,Algeria
1538,Mexico,Spain,Switzerland
1539,England,Spain,France
1540,Colombia,Belgium,Canada
1541,Spain,Argentina,Morocco
1542,Argentina,France,Belgium
1543,Argentina,Senegal,France
1544,Spain,Argentina,Norway
1545,Spain,Japan,Algeria
1546,England,Sweden,Portugal
1547,Argentina,Germany,England
1548,Switzerland,Netherlands,Belgium
1549,France,Algeria,Japan
1550,England,Portugal,Netherlands
1551,Argentina,France,Portugal
1552,Japan,Spain,Switzerland
1553,Argentina,Spain,Paraguay
1554,Belgium,Argentina,Norway
1555,Croatia,Ecuador,Egypt
1556,France,Switzerland,Mexico
1557,Spain,Colombia,Norway
1558,Argentina,France,England
1559,England,Netherlands,Portugal
1560,England,Germany,Switzerland
1561,Colombia,Netherlands,England
1562,Argentina,Morocco,Spain
1563,Morocco,Brazil,Australia
1564,Morocco,England,United States
1565,Germany,Argentina,United States
1566,France,Ivory Coast,Austria
1567,Brazil,Spain,Algeria
1568,Argentina,Spain,Morocco
1569,Morocco,Argentina,Mexico
1570,Brazil,Portugal,France
1571,France,Argentina,Spain
1572,Colombia,Spain,France
1573,England,Spain,Colombia
1574,Argentina,France,Portugal
1575,Argentina,Morocco,Mexico
1576,Argentina,Netherlands,Brazil
1577,Morocco,Colombia,Brazil
1578,Portugal,Switzerland,England
1579,England,Croatia,Argentina
1580,France,Switzerland,Senegal
1581,France,Japan,United States
1582,England,Portugal,Netherlands
1583,Algeria,France,Portugal
1584,Argentina,France,Brazil
1585,Argentina,Belgium,Brazil
1586,Argentina,Portugal,Brazil
1587,Colombia,Belgium,Japan
1588,Algeria,France,Spain
1589,Australia,Morocco,Belgium
1590,Argentina,France,Japan
1591,England,Spain,Colombia
1592,Spain,Argentina,England
1593,Netherlands,Argentina,Belgium
1594,Germany,England,Belgium
1595,Canada,Argentina,Croatia
1596,Australia,Germany,Austria
1597,Mexico,Croatia,France
1598,France,Brazil,Belgium
1599,France,Algeria,United States
1600,Colombia,France,Spain
1601,Netherlands,Algeria,Brazil
1602,Norway,France,Switzerland
1603,Brazil,France,Belgium
1604,Argentina,Morocco,Mexico
1605,England,Canada,Portugal
1606,Spain,Ecuador,Colombia
1607,Argentina,France,Portugal
1608,Argentina,France,Brazil
1609,Morocco,Ivory Coast,Spain
1610,Argentina,Morocco,England
1611,Belgium,Switzerland,Mexico
1612,United States,Ivory Coast,Argentina
1613,Argentina,Belgium,England
1614,Argentina,Spain,Brazil
1615,Argentina,Morocco,Spain
1616,Netherlands,England,Switzerland
1617,Netherlands,Brazil,Argentina
1618,Belgium,Ivory Coast,Egypt
1619,Argentina,Belgium,Ecuador
1620,Germany,Japan,Senegal
1621,France,Mexico,Ghana
1622,Germany,Switzerland,Belgium
1623,Japan,France,Algeria
1624,Spain,Japan,Canada
1625,Japan,Spain,Morocco
1626,Morocco,Argentina,Austria
1627,Norway,Spain,France
1628,Spain,Algeria,Canada
1629,Spain,Switzerland,Mexico
1630,Argentina,Belgium,Norway
1631,Colombia,Netherlands,Austria
1632,Morocco,Argentina,Belgium
1633,Mexico,France,Ghana
1634,France,Ghana,England
1635,Netherlands,Brazil,Argentina
1636,Spain,Colombia,Germany
1637,Argentina,Portugal,France
1638,Argentina,Germany,Portugal
1639,Spain,England,France
1640,France,Argentina,Congo DR
1641,England,United States,Netherlands
1642,Argentina,Netherlands,Ivory Coast
1643,Argentina,France,Portugal
1644,Switzerland,Canada,Brazil
1645,Germany,Ecuador,Egypt
1646,Spain,Argentina,Morocco
1647,Norway,France,Croatia
1648,Argentina,Senegal,Canada
1649,Australia,France,Senegal
1650,Belgium,Argentina,Ivory Coast
1651,Argentina,Netherlands,Spain
1652,France,England,Switzerland
1653,Croatia,Argentina,France
1654,France,Ecuador,Belgium
1655,Argentina,France,Japan
1656,Spain,Ivory Coast,Argentina
1657,Japan,Senegal,Algeria
1658,Spain,England,Argentina
1659,Canada,Mexico,Argentina
1660,France,Norway,Croatia
1661,Argentina,France,England
1662,France,Australia,England
1663,Argentina,Netherlands,Norway
1664,Argentina,Canada,Brazil
1665,Portugal,Mexico,Germany
1666,France,Switzerland,Belgium
1667,Croatia,Switzerland,Canada
1668,England,France,Belgium
1669,Senegal,Argentina,Brazil
1670,France,England,Belgium
1671,Portugal,Argentina,Japan
1672,Spain,Mexico,Australia
1673,Belgium,Argentina,Japan
1674,Germany,England,Belgium
1675,England,Portugal,Argentina
1676,England,Portugal,France
1677,Brazil,Spain,Argentina
1678,France,Mexico,Algeria
1679,Spain,Argentina,Netherlands
1680,France,England,Argentina
1681,Portugal,Argentina,France
1682,England,Senegal,Algeria
1683,Argentina,France,Spain
1684,Ecuador,France,Argentina
1685,Portugal,Australia,Brazil
1686,Portugal,England,Netherlands
1687,Spain,Switzerland,Morocco
1688,France,Argentina,United States
1689,Argentina,Spain,Morocco
1690,Netherlands,Colombia,Japan
1691,Brazil,Netherlands,Switzerland
1692,England,Croatia,Egypt
1693,Congo DR,Morocco,United States
1694,France,Argentina,Spain
1695,Algeria,Spain,Japan
1696,United States,Colombia,Canada
1697,France,Brazil,Argentina
1698,Spain,Colombia,France
1699,Spain,Argentina,Germany
1700,Argentina,France,Belgium
1701,Netherlands,Japan,Belgium
1702,Japan,Sweden,Argentina
1703,Argentina,Portugal,Japan
1704,Algeria,France,Norway
1705,Croatia,England,Switzerland
1706,Germany,Argentina,Ivory Coast
1707,Argentina,Portugal,Japan
1708,United States,Norway,Algeria
1709,Belgium,Ecuador,Canada
1710,Paraguay,Ivory Coast,Senegal
1711,Mexico,Spain,France
1712,Argentina,Portugal,Canada
1713,Colombia,Belgium,Brazil
1714,Colombia,Spain,Sweden
1715,Argentina,Portugal,Brazil
1716,Switzerland,France,Portugal
1717,France,Egypt,Senegal
1718,France,Mexico,Algeria
1719,Croatia,Australia,Brazil
1720,United States,Argentina,Japan
1721,Belgium,Mexico,Egypt
1722,United States,Colombia,France
1723,Brazil,Germany,Spain
1724,Argentina,Spain,Japan
1725,Colombia,Netherlands,Belgium
1726,United States,Argentina,Norway
1727,Belgium,England,France
1728,Morocco,England,Algeria
1729,Portugal,Argentina,Mexico
1730,Portugal,Argentina,Morocco
1731,Netherlands,Argentina,Bosnia-Herzegovina
1732,Spain,Norway,Algeria
1733,England,Belgium,Morocco
1734,Argentina,Netherlands,Croatia
1735,France,Argentina,Japan
1736,Brazil,France,Spain
1737,Brazil,Sweden,Belgium
1738,Senegal,Algeria,France
1739,France,Colombia,Ecuador
1740,Spain,Colombia,England
1741,Morocco,Argentina,Portugal
1742,Argentina,Canada,Brazil
1743,Argentina,Germany,United States
1744,Ecuador,France,Argentina
1745,England,Portugal,Ghana
1746,Netherlands,Ecuador,Argentina
1747,France,Argentina,Mexico
1748,Argentina,United States,England
1749,Colombia,Spain,Netherlands
1750,Spain,Switzerland,England
1751,Spain,Mexico,Canada
1752,England,Germany,Argentina
1753,England,Spain,Argentina
1754,Germany,Ivory Coast,Senegal
1755,France,Colombia,Spain
1756,France,Colombia,Croatia
1757,Spain,Brazil,France
1758,France,Brazil,Portugal
1759,Argentina,Netherlands,Ecuador
1760,England,Netherlands,Algeria
1761,Algeria,Croatia,Japan
1762,Netherlands,Switzerland,Japan
1763,France,Japan,Austria
1764,France,England,Australia
1765,Argentina,Spain,Germany
1766,Brazil,Netherlands,Argentina
1767,Brazil,France,Colombia
1768,Spain,Mexico,Canada
1769,Japan,Netherlands,Argentina
1770,Norway,Portugal,Algeria
1771,France,England,Belgium
1772,Belgium,England,Switzerland
1773,Spain,Mexico,Germany
1774,France,Norway,Argentina
1775,Colombia,United States,France
1776,Spain,England,Germany
1777,Spain,Ghana,Ivory Coast
1778,Argentina,Canada,Belgium
1779,Mexico,France,Spain
1780,Germany,Argentina,Belgium
1781,Colombia,Senegal,France
1782,Argentina,Canada,Spain
1783,Spain,Colombia,Sweden
1784,Morocco,Brazil,Belgium
1785,England,Netherlands,Croatia
1786,Germany,Japan,Croatia
1787,Spain,Japan,Argentina
1788,Australia,Spain,Netherlands
1789,Argentina,Portugal,England
1790,Brazil,Croatia,Colombia
1791,Belgium,Colombia,Germany
1792,United States,Australia,England
1793,Argentina,France,Japan
1794,Belgium,Ecuador,Netherlands
1795,France,England,Colombia
1796,Japan,France,Australia
1797,France,England,United States
1798,Canada,England,Argentina
1799,Spain,England,Argentina
1800,England,France,United States
1801,Algeria,Portugal,Norway
1802,England,Spain,Germany
1803,Brazil,Netherlands,United States
1804,Argentina,Croatia,Japan
1805,Argentina,Netherlands,Portugal
1806,Netherlands,Brazil,Spain
1807,Portugal,Colombia,Brazil
1808,Brazil,France,Senegal
1809,Brazil,Canada,Argentina
1810,Morocco,Algeria,England
1811,Portugal,Argentina,France
1812,England,Canada,Colombia
1813,Portugal,Mexico,Egypt
1814,Croatia,England,Switzerland
1815,Japan,Germany,Belgium
1816,Mexico,Spain,France
1817,Argentina,Portugal,Japan
1818,France,Colombia,Belgium
1819,Spain,Argentina,Ivory Coast
1820,Spain,Brazil,France
1821,Portugal,Brazil,Argentina
1822,Argentina,Canada,Portugal
1823,Argentina,Portugal,Brazil
1824,Belgium,Algeria,England
1825,Mexico,Netherlands,Algeria
1826,Germany,Japan,Argentina
1827,Ecuador,Canada,Colombia
1828,France,Colombia,Mexico
1829,Argentina,Netherlands,Brazil
1830,Norway,France,United States
1831,Germany,Colombia,Brazil
1832,Germany,Japan,Austria
1833,Australia,Portugal,Netherlands
1834,Belgium,Colombia,England
1835,Belgium,Switzerland,England
1836,Australia,Croatia,Germany
1837,Argentina,United States,England
1838,France,Ecuador,Portugal
1839,Spain,Argentina,Norway
1840,Portugal,Ivory Coast,Germany
1841,Argentina,Belgium,Canada
1842,France,Argentina,Spain
1843,France,Algeria,Spain
1844,Brazil,Germany,Spain
1845,Spain,England,Canada
1846,Croatia,England,France
1847,Mexico,Croatia,Algeria
1848,Australia,Canada,Japan
1849,Spain,Ecuador,Switzerland
1850,Spain,Argentina,France
1851,Ecuador,Morocco,Argentina
1852,Belgium,Colombia,Brazil
1853,Netherlands,Switzerland,Austria
1854,England,France,Argentina
1855,Mexico,Spain,Argentina
1856,Norway,Morocco,Argentina
1857,France,Argentina,Belgium
1858,France,Colombia,Spain
1859,Spain,Brazil,Colombia
1860,Spain,England,Netherlands
1861,Canada,Brazil,Argentina
1862,Argentina,Senegal,Canada
1863,Morocco,Mexico,Belgium
1864,Germany,Egypt,Spain
1865,Spain,Argentina,Japan
1866,Argentina,France,Spain
1867,Argentina,Croatia,England
1868,France,Japan,Portugal
1869,Morocco,Ecuador,Argentina
1870,France,Brazil,Portugal
1871,Argentina,Morocco,Mexico
1872,Argentina,Netherlands,Spain
1873,Argentina,Netherlands,Portugal
1874,England,France,Switzerland
1875,Brazil,Germany,Belgium
1876,England,Portugal,Netherlands
1877,Belgium,Switzerland,France
1878,France,Australia,Portugal
1879,France,Argentina,Senegal
1880,Japan,Spain,Switzerland
1881,Mexico,Paraguay,Argentina
1882,France,England,Spain
1883,Brazil,Morocco,Argentina
1884,Argentina,Netherlands,Brazil
1885,Argentina,Austria,Netherlands
1886,Spain,Ecuador,Switzerland
1887,England,France,Argentina
1888,Brazil,France,Portugal
1889,England,Senegal,France
1890,Argentina,Spain,Brazil
1891,Croatia,Switzerland,France
1892,Norway,Spain,Netherlands
1893,Netherlands,Colombia,Brazil
1894,Australia,Senegal,Germany
1895,Brazil,Netherlands,Portugal
1896,Japan,Portugal,Switzerland
1897,Brazil,France,Spain
1898,Spain,Argentina,Sweden
1899,Mexico,Austria,France
1900,Ghana,Spain,France
1901,Argentina,Spain,Netherlands
1902,Spain,Argentina,Germany
1903,Netherlands,Colombia,England
1904,Morocco,Ecuador,Algeria
1905,England,France,Portugal
1906,Argentina,Germany,Belgium
1907,Netherlands,England,Spain
1908,England,Spain,Canada
1909,Brazil,Netherlands,Argentina
1910,Switzerland,Canada,Japan
1911,Argentina,Spain,Congo DR
1912,Colombia,France,Japan
1913,Algeria,Paraguay,Portugal
1914,Brazil,Morocco,United States
1915,France,Argentina,Belgium
1916,Spain,Argentina,Mexico
1917,France,Egypt,Belgium
1918,Portugal,Ecuador,Netherlands
1919,Belgium,Egypt,Mexico
1920,France,Ecuador,Switzerland
1921,Spain,Argentina,France
1922,Brazil,Spain,Argentina
1923,Japan,Spain,France
1924,England,France,Spain
1925,Belgium,England,Argentina
1926,Spain,Japan,Argentina
1927,France,Colombia,Belgium
1928,Spain,England,France
1929,Argentina,France,Spain
1930,Argentina,Croatia,Japan
1931,Argentina,United States,Netherlands
1932,Netherlands,Argentina,England
1933,Argentina,France,Brazil
1934,Spain,Switzerland,France
1935,Belgium,Japan,Germany
1936,Portugal,England,Colombia
1937,Brazil,Morocco,Australia
1938,Argentina,France,Ivory Coast
1939,Spain,Australia,Morocco
1940,Netherlands,Ivory Coast,Switzerland
1941,France,Australia,England
1942,Argentina,France,Belgium
1943,Brazil,Senegal,Argentina
1944,Egypt,France,Portugal
1945,Argentina,Spain,England
1946,Mexico,Germany,Senegal
1947,Paraguay,Ghana,Spain
1948,Colombia,Spain,France
1949,Argentina,France,Belgium
1950,France,Japan,Portugal
1951,Japan,United States,France
1952,Ivory Coast,Canada,Switzerland
1953,Austria,England,Argentina
1954,England,Portugal,Netherlands
1955,France,Argentina,Portugal
1956,Portugal,Argentina,Brazil
1957,Argentina,Germany,England
1958,Canada,Argentina,England
1959,Brazil,Spain,Switzerland
1960,Spain,Argentina,Mexico
1961,Ecuador,Spain,Netherlands
1962,Spain,Australia,France
1963,Argentina,United States,England
1964,England,Portugal,Australia
1965,Ivory Coast,Germany,Argentina
1966,France,Colombia,Ivory Coast
1967,Germany,Argentina,United States
1968,England,Germany,Argentina
1969,Brazil,Spain,Netherlands
1970,France,Argentina,United States
1971,Spain,Argentina,Japan
1972,Morocco,Norway,Belgium
1973,Argentina,Netherlands,England
1974,England,France,Spain
1975,Spain,England,France
1976,Mexico,Netherlands,Austria
1977,Argentina,Netherlands,Bosnia-Herzegovina
1978,Argentina,United States,Brazil
1979,Portugal,England,France
1980,France,Colombia,Portugal
1981,Argentina,Netherlands,Portugal
1982,Spain,Brazil,Canada
1983,Australia,Belgium,Netherlands
1984,Argentina,Spain,France
1985,Canada,Australia,Japan
1986,Argentina,Germany,United States
1987,Netherlands,Mexico,Argentina
1988,Argentina,Portugal,England
1989,France,Norway,United States
1990,England,Austria,Germany
1991,Argentina,Spain,England
1992,Colombia,France,Spain
1993,Senegal,Norway,Argentina
1994,Morocco,Argentina,Mexico
1995,France,Switzerland,United States
1996,England,Paraguay,Portugal
1997,England,Portugal,Paraguay
1998,France,Colombia,Belgium
1999,Morocco,Mexico,Spain
2000,Japan,Belgium,Argentina
2001,Argentina,United States,Japan
2002,Canada,Egypt,Belgium
2003,Germany,Ivory Coast,Argentina
2004,Brazil,Canada,Argentina
2005,Spain,Japan,Switzerland
2006,Brazil,Netherlands,Senegal
2007,Spain,Australia,France
2008,Argentina,France,Japan
2009,Portugal,England,Colombia
2010,Japan,Netherlands,Portugal
2011,Spain,Brazil,Germany
2012,Spain,Ecuador,Germany
2013,Mexico,Belgium,Paraguay
2014,Argentina,France,England
2015,Egypt,Spain,France
2016,Argentina,France,Brazil
2017,Argentina,United States,Morocco
2018,Algeria,Senegal,Brazil
2019,France,Japan,Spain
2020,Germany,Argentina,Spain
2021,France,Cape Verde Islands,Mexico
2022,Colombia,Croatia,Paraguay
2023,France,England,Australia
2024,Spain,Ivory Coast,Netherlands
2025,Morocco,Argentina,Portugal
2026,France,Argentina,Spain
2027,Japan,Canada,Austria
2028,France,Brazil,Spain
2029,France,Argentina,United States
2030,Spain,Japan,France
2031,Argentina,Netherlands,Belgium
2032,Belgium,Argentina,England
2033,Germany,Argentina,England
2034,Argentina,Portugal,Germany
2035,Argentina,France,England
2036,Argentina,Belgium,Ecuador
2037,Norway,France,Colombia
2038,Argentina,Belgium,Brazil
2039,Germany,Argentina,Brazil
2040,Switzerland,Spain,Mexico
2041,Australia,Netherlands,Belgium
2042,Colombia,Belgium,France
2043,France,England,Switzerland
2044,England,Spain,Egypt
2045,England,Morocco,United States
2046,Spain,England,Paraguay
2047,England,France,Spain
2048,Argentina,Belgium,Sweden
2049,Netherlands,Colombia,Spain
2050,France,Argentina,Spain
2051,Brazil,Belgium,Colombia
2052,Belgium,Colombia,Germany
2053,Spain,Japan,France
2054,England,Portugal,Morocco
2055,Argentina,Portugal,Canada
2056,England,United States,Algeria
2057,Colombia,France,Portugal
2058,France,Argentina,Spain
2059,Spain,Argentina,Japan
2060,Mexico,France,Spain
2061,Argentina,Senegal,Ecuador
2062,Colombia,Netherlands,Belgium
2063,Spain,Brazil,Netherlands
2064,Belgium,Switzerland,England
2065,Argentina,Belgium,England
2066,Mexico,Canada,Portugal
2067,Belgium,Argentina,England
2068,Portugal,Colombia,France
2069,Austria,Japan,Netherlands
2070,Argentina,Senegal,Mexico
2071,Spain,Japan,Colombia
2072,Brazil,France,Spain
2073,Japan,France,Egypt
2074,England,Germany,Argentina
2075,Spain,England,Algeria
2076,Argentina,Netherlands,England
2077,France,England,Spain
2078,England,Germany,Switzerland
2079,Netherlands,Argentina,Ecuador
2080,Netherlands,Argentina,Spain
2081,Canada,Norway,Spain
2082,France,England,Colombia
2083,England,Netherlands,Belgium
2084,Spain,England,France
2085,United States,Brazil,Cape Verde Islands
2086,Egypt,Morocco,Brazil
2087,Spain,England,Germany
2088,Brazil,Portugal,Netherlands
2089,Argentina,Spain,Canada
2090,Sweden,England,Argentina
2091,Colombia,France,Spain
2092,Belgium,Argentina,Netherlands
2093,France,Argentina,Spain
2094,Argentina,Senegal,Norway
2095,Egypt,United States,Sweden
2096,Norway,Canada,Spain
2097,Argentina,Netherlands,Japan
2098,France,Argentina,Senegal
2099,Morocco,Japan,Spain
2100,Ivory Coast,Portugal,Algeria
2101,Spain,England,Egypt
2102,Mexico,Spain,Switzerland
2103,England,Sweden,Croatia
2104,Ecuador,Spain,Algeria
2105,Spain,England,Netherlands
2106,Norway,Canada,Egypt
2107,Spain,Norway,Paraguay
2108,Portugal,Argentina,France
2109,France,Australia,Senegal
2110,Argentina,Portugal,Norway
2111,France,Colombia,Belgium
2112,Ecuador,France,Spain
2113,Colombia,Austria,Brazil
2114,Belgium,Cape Verde Islands,Sweden
2115,France,Algeria,Ivory Coast
2116,England,Germany,Spain
2117,Spain,Argentina,France
2118,Spain,Norway,Argentina
2119,Spain,Australia,England
2120,Algeria,Germany,Brazil
2121,Austria,Switzerland,England
2122,Spain,Argentina,Ecuador
2123,England,Morocco,Colombia
2124,Colombia,Morocco,Austria
2125,Brazil,France,Spain
2126,Japan,Austria,Netherlands
2127,Mexico,Belgium,Switzerland
2128,Mexico,Belgium,Netherlands
2129,Ivory Coast,Spain,Australia
2130,Spain,England,Algeria
2131,France,Congo DR,Bosnia-Herzegovina
2132,England,Senegal,Argentina
2133,Senegal,Switzerland,France
2134,Portugal,Argentina,Japan
2135,Mexico,Paraguay,Senegal
2136,Germany,Japan,Egypt
2137,Colombia,France,Belgium
2138,England,Belgium,France
2139,Australia,Portugal,Paraguay
2140,Argentina,Netherlands,Croatia
2141,Argentina,France,Spain
2142,Argentina,Spain,Japan
2143,Spain,Mexico,Germany
2144,England,Belgium,Argentina
2145,France,Colombia,Brazil
2146,Germany,Egypt,Japan
2147,Spain,Mexico,Argentina
2148,France,Brazil,United States
2149,France,England,Argentina
2150,France,Australia,Mexico
2151,Netherlands,Argentina,Portugal
2152,Algeria,France,Ecuador
2153,Spain,England,Argentina
2154,Argentina,Germany,England
2155,Japan,Portugal,France
2156,Portugal,Egypt,France
2157,Argentina,Senegal,Germany
2158,Brazil,Germany,Portugal
2159,Spain,Norway,Switzerland
2160,Belgium,Argentina,Morocco
2161,France,Norway,Australia
2162,Canada,Argentina,United States
2163,Japan,United States,France
2164,Senegal,Colombia,Mexico
2165,Japan,France,Spain
2166,Brazil,Germany,Spain
2167,Argentina,Spain,Brazil
2168,England,Germany,Spain
2169,Germany,Ecuador,Belgium
2170,Australia,Morocco,Bosnia-Herzegovina
2171,France,Norway,United States
2172,Netherlands,Argentina,Ivory Coast
2173,Norway,Austria,Colombia
2174,Belgium,Ivory Coast,Paraguay
2175,England,Netherlands,Portugal
2176,Brazil,Morocco,Belgium
2177,Austria,Argentina,Morocco
2178,Norway,Spain,Algeria
2179,France,Argentina,Ivory Coast
2180,United States,Argentina,Morocco
2181,England,Spain,Netherlands
2182,France,England,Spain
2183,Japan,France,United States
2184,Argentina,Portugal,Morocco
2185,Brazil,Netherlands,Switzerland
2186,France,Argentina,Brazil
2187,Spain,Japan,France
2188,Spain,England,Australia
2189,Croatia,Argentina,Brazil
2190,Netherlands,Argentina,Brazil
2191,Argentina,Germany,Japan
2192,Morocco,Egypt,Spain
2193,Spain,Japan,Morocco
2194,England,Germany,Colombia
2195,Germany,Argentina,Ecuador
2196,Germany,England,Spain
2197,Argentina,Spain,France
2198,England,Canada,Argentina
2199,Spain,Argentina,Netherlands
2200,England,France,Colombia
2201,Argentina,France,Portugal
2202,England,Spain,Netherlands
2203,England,Spain,Netherlands
2204,Senegal,Colombia,Mexico
2205,Argentina,Belgium,France
2206,Spain,Switzerland,Mexico
2207,France,Argentina,England
2208,England,Morocco,Argentina
2209,Argentina,Germany,Ecuador
2210,Argentina,Austria,Japan
2211,France,Ivory Coast,Spain
2212,Argentina,France,Brazil
2213,Spain,Mexico,Morocco
2214,Morocco,Colombia,Norway
2215,Morocco,Argentina,England
2216,Argentina,Germany,Portugal
2217,Colombia,France,England
2218,Brazil,Belgium,France
2219,England,Portugal,Argentina
2220,France,Brazil,Spain
2221,Spain,Ecuador,Cape Verde Islands
2222,Germany,England,Argentina
2223,Spain,Argentina,Norway
2224,Portugal,England,Argentina
2225,Algeria,Spain,Mexico
2226,Argentina,Spain,Ecuador
2227,Argentina,France,Mexico
2228,Ecuador,Germany,Croatia
2229,Argentina,Netherlands,Ecuador
2230,Netherlands,Mexico,Portugal
2231,England,Belgium,Argentina
2232,Netherlands,Norway,Spain
2233,Switzerland,Belgium,France
2234,Australia,Germany,England
2235,Argentina,Canada,Norway
2236,Mexico,Senegal,Egypt
2237,Colombia,United States,Morocco
2238,France,Argentina,Brazil
2239,Spain,Egypt,France
2240,England,Netherlands,Austria
2241,Colombia,Portugal,Norway
2242,Brazil,Senegal,Ghana
2243,Japan,France,Argentina
2244,Argentina,France,Spain
2245,Argentina,Belgium,Brazil
2246,Argentina,Netherlands,Austria
2247,Brazil,Germany,United States
2248,Belgium,Colombia,Brazil
2249,Australia,Belgium,Norway
2250,Brazil,Netherlands,Switzerland
2251,Argentina,France,Brazil
2252,Mexico,Belgium,Argentina
2253,Netherlands,Norway,United States
2254,Spain,Argentina,Norway
2255,Switzerland,Portugal,Mexico
2256,Belgium,Brazil,Australia
2257,Spain,England,Netherlands
2258,Spain,Norway,Germany
2259,Spain,Ivory Coast,Australia
2260,Argentina,Germany,Senegal
2261,France,Brazil,Argentina
2262,Bosnia-Herzegovina,Egypt,England
2263,Switzerland,Belgium,Paraguay
2264,Spain,England,Australia
2265,Argentina,Croatia,Sweden
2266,Argentina,Belgium,Canada
2267,Spain,Japan,France
2268,Brazil,France,Argentina
2269,England,Germany,Spain
2270,Portugal,Brazil,Egypt
2271,Spain,Argentina,Germany
2272,Paraguay,Japan,Spain
2273,Argentina,France,Brazil
2274,Ivory Coast,Canada,Senegal
2275,Australia,Belgium,France
2276,Japan,Germany,Spain
2277,Norway,Paraguay,Colombia
2278,Norway,Portugal,Egypt
2279,France,Egypt,Ivory Coast
2280,Netherlands,Argentina,Senegal
2281,Brazil,Portugal,Canada
2282,Argentina,Spain,Sweden
2283,Colombia,Portugal,Japan
2284,Colombia,Morocco,Japan
2285,Netherlands,Argentina,Spain
2286,England,Belgium,Netherlands
2287,Brazil,France,Senegal
2288,Argentina,Spain,Morocco
2289,Netherlands,Argentina,Japan
2290,Canada,Congo DR,United States
2291,Netherlands,Switzerland,Senegal
2292,Portugal,Argentina,Paraguay
2293,Croatia,Switzerland,Brazil
2294,Argentina,Morocco,Spain
2295,France,Colombia,Croatia
2296,France,Argentina,Mexico
2297,Spain,England,Colombia
2298,Netherlands,England,Australia
2299,Argentina,France,United States
2300,France,Japan,Spain
2301,Morocco,Ecuador,Spain
2302,Germany,Brazil,Senegal
2303,France,Australia,England
2304,Canada,Mexico,Argentina
2305,Portugal,Algeria,Japan
2306,Argentina,Morocco,Mexico
2307,Germany,Cape Verde Islands,Japan
2308,France,Colombia,Austria
2309,Senegal,Argentina,Japan
2310,Spain,Argentina,Norway
2311,Brazil,Senegal,Colombia
2312,Mexico,Spain,Netherlands
2313,Argentina,Netherlands,Belgium
2314,Colombia,Spain,Norway
2315,England,France,Australia
2316,Brazil,France,Belgium
2317,Portugal,Algeria,England
2318,Algeria,Germany,Spain
2319,Brazil,France,Spain
2320,Argentina,Netherlands,Portugal
2321,Netherlands,Argentina,Spain
2322,Portugal,Switzerland,Japan
2323,France,Norway,Austria
2324,Ivory Coast,France,Argentina
2325,England,Germany,Argentina
2326,Switzerland,Netherlands,Senegal
2327,Belgium,Brazil,France
2328,Spain,Switzerland,Brazil
2329,Portugal,Cape Verde Islands,Norway
2330,Belgium,Colombia,Morocco
2331,Argentina,Morocco,Brazil
2332,France,Colombia,Spain
2333,Morocco,Norway,Switzerland
2334,Senegal,Japan,Argentina
2335,Morocco,England,Senegal
2336,Sweden,Switzerland,Portugal
2337,Colombia,Canada,Spain
2338,Argentina,Netherlands,Japan
2339,Canada,Algeria,Japan
2340,Spain,Argentina,Brazil
2341,England,Netherlands,Argentina
2342,England,Portugal,Canada
2343,Argentina,United States,England
2344,Argentina,Belgium,Morocco
2345,Argentina,Austria,Canada
2346,Switzerland,Sweden,Norway
2347,Morocco,Ecuador,United States
2348,Argentina,France,Mexico
2349,Japan,Germany,Colombia
2350,France,Colombia,Belgium
2351,Mexico,Belgium,France
2352,England,Portugal,Germany
2353,France,Argentina,Brazil
2354,France,Ecuador,Argentina
2355,Argentina,Spain,Canada
2356,Netherlands,Brazil,Croatia
2357,Argentina,Netherlands,England
2358,England,Sweden,Switzerland
2359,Argentina,Spain,Brazil
2360,Egypt,Germany,Norway
2361,Spain,Argentina,Japan
2362,England,United States,Australia
2363,Paraguay,Congo DR,Switzerland
2364,Brazil,Spain,Argentina
2365,Germany,Japan,Portugal
2366,France,Colombia,Spain
2367,Spain,England,Switzerland
2368,Portugal,Ivory Coast,Colombia
2369,Canada,Argentina,Norway
2370,Switzerland,Belgium,Japan
2371,Spain,Japan,France
2372,Netherlands,Australia,Belgium
2373,Spain,Argentina,Ivory Coast
2374,Mexico,Austria,Colombia
2375,England,Spain,France
2376,Mexico,France,United States
2377,Germany,Argentina,England
2378,Switzerland,Austria,Canada
2379,France,Brazil,Belgium
2380,Netherlands,England,Spain
2381,Argentina,Morocco,Spain
2382,Argentina,Portugal,Canada
2383,England,Austria,Argentina
2384,Croatia,Colombia,Brazil
2385,Spain,Mexico,Colombia
2386,Portugal,Switzerland,Norway
2387,Germany,Ecuador,Colombia
2388,Belgium,Argentina,Brazil
2389,Switzerland,France,England
2390,Canada,Egypt,Brazil
2391,Argentina,Croatia,France
2392,Spain,Argentina,Morocco
2393,Brazil,Belgium,France
2394,France,Argentina,Spain
2395,Spain,Norway,Germany
2396,United States,Japan,Argentina
2397,Germany,Mexico,United States
2398,Argentina,Canada,Portugal
2399,Netherlands,Colombia,Croatia
2400,Spain,Egypt,Germany
2401,Australia,Croatia,Morocco
2402,Ivory Coast,Canada,Senegal
2403,France,Argentina,Japan
2404,Germany,Ecuador,Argentina
2405,Argentina,Spain,Germany
2406,Netherlands,Japan,Colombia
2407,England,France,Spain
2408,Morocco,Switzerland,United States
2409,Morocco,Mexico,Argentina
2410,Brazil,France,Portugal
2411,France,Colombia,Senegal
2412,Belgium,Argentina,Paraguay
2413,Argentina,Belgium,Morocco
2414,Mexico,Canada,Spain
2415,Mexico,Netherlands,Argentina
2416,Germany,England,Argentina
2417,Portugal,England,Morocco
2418,Mexico,Germany,Ghana
2419,Portugal,Brazil,Morocco
2420,Switzerland,Germany,Portugal
2421,Spain,England,Argentina
2422,France,Japan,Switzerland
2423,Colombia,Senegal,England
2424,Argentina,Netherlands,England
2425,Japan,Spain,Netherlands
2426,Ecuador,Germany,Argentina
2427,Germany,Japan,Spain
2428,Spain,Mexico,Canada
2429,Spain,Mexico,Netherlands
2430,Norway,Portugal,Algeria
2431,England,Spain,Netherlands
2432,Australia,United States,Japan
2433,England,Portugal,Argentina
2434,Brazil,Canada,Argentina
2435,Australia,France,Japan
2436,France,Japan,Argentina
2437,Belgium,Colombia,France
2438,France,Colombia,Brazil
2439,Belgium,Australia,Germany
2440,France,Colombia,Portugal
2441,Colombia,France,England
2442,France,Japan,Argentina
2443,France,England,Colombia
2444,England,Spain,Argentina
2445,Belgium,Algeria,France
2446,Argentina,Belgium,Japan
2447,Argentina,France,Mexico
2448,England,Canada,Argentina
2449,France,Argentina,Brazil
2450,Argentina,Portugal,England
2451,Netherlands,Argentina,Portugal
2452,Mexico,France,United States
2453,Senegal,England,Netherlands
2454,Mexico,Portugal,Canada
2455,Sweden,England,Algeria
2456,Belgium,Argentina,Morocco
2457,Mexico,Spain,Morocco
2458,Mexico,Netherlands,United States
2459,Argentina,Belgium,Sweden
2460,Brazil,France,Croatia
2461,United States,Switzerland,France
2462,Spain,Colombia,Germany
2463,Argentina,France,England
2464,Morocco,Japan,Austria
2465,Belgium,Argentina,Japan
2466,Morocco,England,Croatia
2467,Morocco,Japan,Croatia
2468,France,Switzerland,Mexico
2469,Morocco,England,Argentina
2470,Colombia,Portugal,Morocco
2471,Argentina,Netherlands,Belgium
2472,Brazil,France,Belgium
2473,Spain,Brazil,France
2474,Germany,Argentina,Spain
2475,Colombia,France,England
2476,Netherlands,Argentina,Senegal
2477,Portugal,England,Canada
2478,Spain,Brazil,Canada
2479,Brazil,Netherlands,Senegal
2480,Colombia,Spain,France
2481,Argentina,Belgium,Brazil
2482,Germany,Argentina,Brazil
2483,Mexico,Austria,Argentina
2484,England,France,Argentina
2485,England,Belgium,Argentina
2486,Norway,Senegal,Morocco
2487,Spain,Argentina,Mexico
2488,Canada,Argentina,Spain
2489,Switzerland,Canada,Senegal
2490,Spain,Argentina,England
2491,Switzerland,Sweden,Spain
2492,Germany,Argentina,Mexico
2493,Mexico,Germany,Argentina
2494,Croatia,Ecuador,France
2495,Argentina,Portugal,France
2496,Brazil,Spain,France
2497,Morocco,Brazil,Portugal
2498,Brazil,Germany,Spain
2499,Argentina,United States,Ivory Coast
2500,Spain,Australia,Japan
2501,Morocco,England,Portugal
2502,Belgium,Brazil,Algeria
2503,Sweden,England,Belgium
2504,Colombia,France,England
2505,Mexico,Belgium,Canada
2506,France,Colombia,Norway
2507,Netherlands,Brazil,Colombia
2508,Sweden,Colombia,Mexico
2509,Argentina,France,Ecuador
2510,Argentina,Spain,Morocco
2511,Mexico,Canada,Spain
2512,Algeria,Netherlands,Spain
2513,Brazil,Spain,Egypt
2514,Argentina,Netherlands,Japan
2515,France,Colombia,Brazil
2516,Netherlands,Ivory Coast,Croatia
2517,Argentina,Spain,Netherlands
2518,France,Australia,Brazil
2519,Croatia,Brazil,Argentina
2520,Spain,England,France
2521,Mexico,Belgium,Sweden
2522,Brazil,Austria,Ghana
2523,Portugal,Mexico,France
2524,France,England,Argentina
2525,Canada,Mexico,Spain
2526,Morocco,Argentina,Ecuador
2527,Croatia,Australia,England
2528,France,England,Senegal
2529,Argentina,Belgium,England
2530,Switzerland,Canada,Spain
2531,Argentina,Spain,Canada
2532,Spain,Brazil,Algeria
2533,Argentina,France,Japan
2534,England,Belgium,Canada
2535,Germany,Argentina,Norway
2536,Morocco,Japan,Switzerland
2537,Colombia,Netherlands,Belgium
2538,Belgium,England,France
2539,Spain,England,Colombia
2540,Argentina,United States,Germany
2541,Spain,Argentina,England
2542,France,Argentina,Belgium
2543,United States,Norway,France
2544,France,Argentina,Belgium
2545,France,Brazil,Switzerland
2546,France,Japan,Argentina
2547,Argentina,Netherlands,Belgium
2548,France,Mexico,United States
2549,Argentina,Belgium,Canada
2550,Argentina,Spain,France
2551,France,Argentina,Croatia
2552,France,Norway,Spain
2553,Germany,England,United States
2554,Germany,Australia,England
2555,Mexico,Croatia,Argentina
2556,Mexico,Austria,France
2557,Argentina,Belgium,Germany
2558,Croatia,Ivory Coast,France
2559,Japan,Portugal,Canada
2560,Argentina,Portugal,England
2561,Portugal,Norway,Egypt
2562,Argentina,Canada,Mexico
2563,Argentina,Portugal,England
2564,Brazil,Portugal,Argentina
2565,Spain,Argentina,Mexico
2566,Spain,Argentina,Morocco
2567,Spain,Brazil,Argentina
2568,England,Morocco,Austria
2569,Norway,Spain,Argentina
2570,France,Argentina,England
2571,Argentina,Belgium,Japan
2572,Spain,Norway,Germany
2573,Brazil,Canada,Spain
2574,England,Austria,Switzerland
2575,France,Argentina,Portugal
2576,Argentina,Austria,Germany
2577,Spain,Argentina,France
2578,Canada,Argentina,England
2579,Germany,Switzerland,Croatia
2580,Argentina,Spain,Brazil
2581,Argentina,Paraguay,Mexico
2582,England,Germany,United States
2583,Netherlands,Argentina,Senegal
2584,Spain,Argentina,Ecuador
2585,Argentina,Morocco,Spain
2586,Brazil,Canada,Ghana
2587,Switzerland,Spain,Germany
2588,Belgium,Japan,Germany
2589,France,Argentina,Spain
2590,Egypt,Belgium,France
2591,Japan,France,Belgium
2592,France,Colombia,Norway
2593,Mexico,Netherlands,Argentina
2594,Norway,Netherlands,Switzerland
2595,France,Egypt,Portugal
2596,Argentina,Spain,Sweden
2597,Argentina,Germany,Belgium
2598,Brazil,Morocco,Argentina
2599,England,United States,Argentina
2600,Morocco,Argentina,Belgium
2601,Belgium,Argentina,Canada
2602,Germany,Brazil,Switzerland
2603,Argentina,France,Belgium
2604,England,Austria,France
2605,Argentina,Croatia,England
2606,France,Australia,Spain
2607,Brazil,Croatia,Argentina
2608,Argentina,Croatia,Brazil
2609,Argentina,France,Belgium
2610,Portugal,England,France
2611,Senegal,England,Netherlands
2612,Portugal,Colombia,Canada
2613,France,England,Argentina
2614,Morocco,Colombia,Portugal
2615,Germany,Ecuador,Croatia
2616,Japan,Belgium,France
2617,Canada,Norway,Spain
2618,Belgium,Japan,Colombia
2619,Portugal,Brazil,Argentina
2620,England,Netherlands,United States
2621,Colombia,Belgium,Norway
2622,France,Argentina,Senegal
2623,Japan,Canada,United States
2624,Colombia,Spain,France
2625,Japan,Netherlands,Ghana
2626,Brazil,Netherlands,Austria
2627,Croatia,Ivory Coast,Germany
2628,Argentina,Belgium,Netherlands
2629,Portugal,Australia,Brazil
2630,Netherlands,Norway,Argentina
2631,France,England,Bosnia-Herzegovina
2632,England,Spain,Argentina
2633,France,Brazil,Croatia
2634,England,Canada,Argentina
2635,France,Australia,England
2636,Belgium,Norway,Argentina
2637,Portugal,Argentina,Brazil
2638,England,Netherlands,Portugal
2639,Argentina,Canada,Spain
2640,Croatia,Ecuador,Algeria
2641,Morocco,Norway,Argentina
2642,Brazil,Germany,Portugal
2643,Netherlands,Egypt,Spain
2644,Switzerland,Belgium,England
2645,Portugal,Colombia,Japan
2646,England,Netherlands,Belgium
2647,Argentina,Portugal,Ecuador
2648,Spain,England,Canada
2649,Argentina,Spain,Norway
2650,Spain,Egypt,Japan
2651,Colombia,Belgium,Germany
2652,Spain,Argentina,Mexico
2653,Argentina,United States,France
2654,England,Morocco,Spain
2655,England,Croatia,Argentina
2656,Paraguay,Algeria,Brazil
2657,Morocco,Ecuador,Australia
2658,Argentina,Sweden,England
2659,Portugal,Argentina,France
2660,Netherlands,Mexico,Portugal
2661,France,England,Portugal
2662,Algeria,Portugal,Germany
2663,Argentina,Germany,Croatia
2664,Germany,Argentina,United States
2665,Germany,England,United States
2666,England,Austria,Germany
2667,Spain,Japan,Australia
2668,Senegal,Colombia,France
2669,Argentina,Belgium,Canada
2670,Netherlands,Colombia,Japan
2671,Portugal,Mexico,Argentina
2672,Spain,Ivory Coast,Colombia
2673,France,Japan,Belgium
2674,Mexico,Croatia,Sweden
2675,England,Germany,Argentina
2676,Portugal,Argentina,Germany
2677,Croatia,Mexico,France
2678,Portugal,Norway,Ghana
2679,Germany,Ivory Coast,Austria
2680,Colombia,Spain,Morocco
2681,Argentina,Croatia,France
2682,Spain,Japan,Colombia
2683,Portugal,Mexico,Colombia
2684,Spain,Argentina,Canada
2685,Portugal,Algeria,Norway
2686,Spain,England,Morocco
2687,Spain,Ecuador,Netherlands
2688,Netherlands,England,Austria
2689,Norway,Germany,Argentina
2690,Ivory Coast,Canada,Algeria
2691,England,Netherlands,Algeria
2692,Germany,Argentina,United States
2693,Sweden,Argentina,Brazil
2694,England,Belgium,France
2695,Brazil,Canada,Spain
2696,Spain,Argentina,England
2697,Mexico,Spain,Australia
2698,Argentina,Portugal,England
2699,Argentina,Morocco,Spain
2700,Belgium,Australia,Ecuador
2701,Brazil,Germany,Egypt
2702,Australia,Belgium,Brazil
2703,Netherlands,Japan,Argentina
2704,England,Austria,Colombia
2705,Paraguay,Japan,Spain
2706,Portugal,Japan,Germany
2707,Canada,Brazil,Egypt
2708,France,Colombia,Brazil
2709,Spain,Japan,France
2710,Morocco,Brazil,United States
2711,France,Argentina,Portugal
2712,Switzerland,France,Ecuador
2713,England,France,Spain
2714,Argentina,Portugal,Sweden
2715,Portugal,Colombia,Ivory Coast
2716,England,Portugal,Morocco
2717,Spain,Norway,Switzerland
2718,Belgium,Argentina,Brazil
2719,Algeria,Spain,Germany
2720,Ivory Coast,Portugal,France
2721,Egypt,France,Brazil
2722,France,Brazil,Spain
2723,France,Argentina,Croatia
2724,Mexico,Belgium,Colombia
2725,Japan,Canada,Switzerland
2726,Netherlands,Algeria,Mexico
2727,Spain,Brazil,Sweden
2728,Spain,Algeria,France
2729,Spain,Brazil,Netherlands
2730,Brazil,Senegal,Argentina
2731,Spain,Egypt,England
2732,Morocco,Ivory Coast,Belgium
2733,Morocco,Brazil,United States
2734,France,Colombia,Ivory Coast
2735,Argentina,Germany,Spain
2736,Morocco,Japan,Croatia
2737,England,France,Croatia
2738,Argentina,Spain,Canada
2739,France,Brazil,Portugal
2740,England,Sweden,Argentina
2741,Portugal,Colombia,Japan
2742,France,Brazil,Argentina
2743,Netherlands,Mexico,Spain
2744,Australia,United States,Japan
2745,Portugal,Algeria,Netherlands
2746,Belgium,Ivory Coast,Argentina
2747,Netherlands,Colombia,United States
2748,Netherlands,Egypt,Ecuador
2749,England,Germany,Spain
2750,Japan,Germany,Egypt
2751,Spain,Brazil,Germany
2752,Netherlands,England,Portugal
2753,Belgium,Colombia,Brazil
2754,Japan,Spain,Netherlands
2755,Argentina,France,Austria
2756,England,Belgium,Argentina
2757,Brazil,Senegal,Germany
2758,France,Brazil,Switzerland
2759,Netherlands,Egypt,England
2760,Croatia,Colombia,Brazil
2761,Japan,Portugal,Colombia
2762,Germany,England,Switzerland
2763,Argentina,Senegal,Morocco
2764,Brazil,Spain,France
2765,Canada,Norway,Austria
2766,France,Algeria,Spain
2767,Brazil,Morocco,Portugal
2768,Argentina,Croatia,Mexico
2769,Spain,Norway,Colombia
2770,Belgium,Norway,Colombia
2771,Germany,Argentina,England
2772,United States,Norway,Algeria
2773,Netherlands,England,Egypt
2774,France,Argentina,Belgium
2775,Belgium,Brazil,France
2776,Ivory Coast,Senegal,Canada
2777,England,Croatia,Algeria
2778,Germany,Australia,Mexico
2779,England,Belgium,Colombia
2780,Ecuador,United States,Paraguay
2781,Mexico,Morocco,Argentina
2782,Brazil,Netherlands,Colombia
2783,United States,Colombia,France
2784,France,Argentina,Portugal
2785,Belgium,Colombia,France
2786,Argentina,Paraguay,Japan
2787,Egypt,Croatia,Norway
2788,Belgium,Colombia,France
2789,France,Brazil,Austria
2790,Brazil,France,Colombia
2791,Spain,Japan,France
2792,Spain,England,Switzerland
2793,France,Argentina,Spain
2794,Argentina,Portugal,Japan
2795,England,Austria,Colombia
2796,Argentina,Spain,Japan
2797,Spain,Switzerland,Canada
2798,France,Switzerland,Brazil
2799,Netherlands,England,Spain
2800,Netherlands,Algeria,Brazil
2801,Argentina,Portugal,France
2802,Spain,Argentina,France
2803,England,Paraguay,United States
2804,Germany,Colombia,Senegal
2805,France,Argentina,Senegal
2806,Croatia,Colombia,England
2807,Mexico,France,Spain
2808,England,Portugal,Netherlands
2809,Canada,Switzerland,Croatia
2810,Morocco,Argentina,Ecuador
2811,Portugal,Argentina,Brazil
2812,Netherlands,Argentina,Croatia
2813,Morocco,Egypt,Portugal
2814,Portugal,England,Germany
2815,England,Canada,Australia
2816,Spain,Norway,France
2817,Brazil,Belgium,Canada
2818,England,Netherlands,Argentina
2819,Australia,Germany,Norway
2820,Mexico,Netherlands,Belgium
2821,Ecuador,Germany,Spain
2822,Ecuador,Morocco,Egypt
2823,Belgium,Argentina,Netherlands
2824,Switzerland,France,Japan
2825,Portugal,England,Germany
2826,Argentina,Belgium,Canada
2827,Belgium,Colombia,Japan
2828,Argentina,Portugal,England
2829,Colombia,Spain,England
2830,Japan,Spain,Ghana
2831,Belgium,England,Germany
2832,Argentina,France,Brazil
2833,Argentina,Spain,Brazil
2834,Ivory Coast,Portugal,Netherlands
2835,England,Senegal,Sweden
2836,Argentina,Portugal,Germany
2837,England,Morocco,Algeria
2838,Brazil,Croatia,Argentina
2839,Japan,Germany,Senegal
2840,Argentina,Morocco,Croatia
2841,Brazil,France,Spain
2842,Mexico,Austria,Switzerland
2843,Germany,England,Cape Verde Islands
2844,Belgium,Mexico,France
2845,Colombia,Canada,Spain
2846,Argentina,Spain,Canada
2847,Belgium,Switzerland,Mexico
2848,Spain,Ecuador,Argentina
2849,Germany,England,United States
2850,Brazil,Croatia,Paraguay
2851,Ivory Coast,France,Spain
2852,England,Germany,Portugal
2853,England,Portugal,Morocco
2854,Morocco,Australia,Senegal
2855,Mexico,Morocco,Croatia
2856,France,Japan,Argentina
2857,Netherlands,Colombia,United States
2858,Australia,Netherlands,Brazil
2859,Spain,England,France
2860,Argentina,Spain,Germany
2861,Argentina,Belgium,England
2862,England,Morocco,Spain
2863,Brazil,Germany,Belgium
2864,Netherlands,Argentina,Portugal
2865,Japan,Germany,Belgium
2866,Ivory Coast,France,Argentina
2867,Australia,Belgium,Norway
2868,England,France,Croatia
2869,Croatia,Ecuador,Argentina
2870,Portugal,Mexico,Argentina
2871,Japan,Germany,Spain
2872,Netherlands,Switzerland,Portugal
2873,Brazil,Spain,Canada
2874,Croatia,Brazil,Morocco
2875,Spain,Brazil,Argentina
2876,Algeria,Belgium,Germany
2877,Argentina,Croatia,Mexico
2878,Mexico,Spain,Netherlands
2879,Spain,Argentina,Netherlands
2880,Spain,Argentina,France
2881,Argentina,Belgium,Morocco
2882,Ivory Coast,Canada,Belgium
2883,Ivory Coast,Belgium,Algeria
2884,Spain,Egypt,Brazil
2885,Netherlands,Algeria,United States
2886,Brazil,France,Belgium
2887,Germany,Argentina,England
2888,Netherlands,Argentina,England
2889,France,Argentina,United States
2890,Austria,Ivory Coast,France
2891,Japan,Paraguay,Switzerland
2892,Germany,Ecuador,Belgium
2893,Spain,Brazil,Morocco
2894,United States,Algeria,England
2895,Argentina,France,England
2896,Spain,Norway,Argentina
2897,Ecuador,Austria,Germany
2898,France,England,Switzerland
2899,France,Brazil,Senegal
2900,Cape Verde Islands,Spain,Mexico
2901,Brazil,Portugal,Morocco
2902,Spain,Argentina,France
2903,France,Argentina,Portugal
2904,Argentina,Spain,Ivory Coast
2905,Ecuador,Germany,Algeria
2906,France,Argentina,United States
2907,England,United States,Egypt
2908,France,England,Spain
2909,France,Ecuador,Portugal
2910,France,Switzerland,England
2911,England,Spain,Switzerland
2912,Spain,Brazil,France
2913,Argentina,France,England
2914,Spain,Egypt,Canada
2915,England,Senegal,Canada
2916,Ivory Coast,Spain,Netherlands
2917,France,England,Belgium
2918,Cape Verde Islands,Spain,England
2919,Argentina,Belgium,Morocco
2920,Netherlands,Australia,United States
2921,Argentina,United States,Morocco
2922,France,Australia,Spain
2923,Mexico,Portugal,Paraguay
2924,Austria,Argentina,Japan
2925,France,Argentina,Portugal
2926,Brazil,Netherlands,Algeria
2927,Argentina,Netherlands,Senegal
2928,Spain,Japan,Netherlands
2929,France,Brazil,Austria
2930,Argentina,France,Norway
2931,Spain,Colombia,France
2932,Canada,England,Belgium
2933,Algeria,Belgium,France
2934,Argentina,Belgium,Germany
2935,Algeria,Germany,Brazil
2936,France,Japan,Switzerland
2937,Belgium,England,France
2938,Brazil,Germany,Senegal
2939,England,Portugal,Colombia
2940,Switzerland,France,Bosnia-Herzegovina
2941,Switzerland,Germany,Spain
2942,Japan,Canada,Argentina
2943,Brazil,Spain,France
2944,Brazil,Portugal,Switzerland
2945,Argentina,Germany,Brazil
2946,Netherlands,Argentina,Croatia
2947,France,Argentina,Portugal
2948,France,Australia,England
2949,Argentina,Belgium,Germany
2950,France,Argentina,Spain
2951,Switzerland,Belgium,Netherlands
2952,Japan,France,Belgium
2953,France,Brazil,Spain
2954,England,Netherlands,United States
2955,Spain,Colombia,Canada
2956,Spain,England,Morocco
2957,Belgium,Norway,Germany
2958,Argentina,Netherlands,Spain
2959,France,Norway,Portugal
2960,England,United States,Argentina
2961,Brazil,France,Austria
2962,Japan,Austria,Argentina
2963,Belgium,Argentina,France
2964,Netherlands,Argentina,Mexico
2965,Spain,Japan,France
2966,Paraguay,Argentina,Norway
2967,Argentina,France,Senegal
2968,Argentina,Netherlands,Senegal
2969,Australia,Belgium,France
2970,Argentina,Spain,Brazil
2971,Portugal,England,Argentina
2972,Brazil,Canada,Spain
2973,Brazil,Spain,Switzerland
2974,Portugal,Argentina,Sweden
2975,Switzerland,France,United States
2976,Spain,Cape Verde Islands,France
2977,Argentina,Belgium,France
2978,United States,Mexico,Germany
2979,France,Japan,Spain
2980,Argentina,France,Ivory Coast
2981,Argentina,Morocco,Portugal
2982,Mexico,Netherlands,United States
2983,Brazil,France,Colombia
2984,France,England,Austria
2985,Argentina,France,Japan
2986,Netherlands,Japan,Argentina
2987,Egypt,Spain,England
2988,Brazil,Paraguay,Senegal
2989,Brazil,Portugal,Argentina
2990,Argentina,United States,Japan
2991,France,Colombia,Ivory Coast
2992,Brazil,Paraguay,Argentina
2993,Netherlands,Australia,Brazil
2994,Morocco,England,Spain
2995,Egypt,Spain,France
2996,Spain,Japan,France
2997,Ivory Coast,Austria,Argentina
2998,Argentina,Morocco,England
2999,Spain,Colombia,Brazil
3000,Argentina,Paraguay,Croatia
3001,France,Japan,Spain
3002,France,Australia,Brazil
3003,Colombia,Portugal,Japan
3004,Argentina,France,Belgium
3005,Portugal,Japan,Morocco
3006,Brazil,Belgium,Argentina
3007,Netherlands,Argentina,United States
3008,Argentina,Belgium,Sweden
3009,Croatia,Ecuador,France
3010,Brazil,Netherlands,Australia
3011,Australia,Spain,Morocco
3012,England,France,Argentina
3013,Brazil,Germany,Argentina
3014,Netherlands,Argentina,Belgium
3015,Japan,Germany,Croatia
3016,France,Argentina,Senegal
3017,Belgium,Argentina,Germany
3018,England,Belgium,Canada
3019,Germany,Switzerland,Portugal
3020,England,United States,Sweden
3021,Colombia,Netherlands,Ivory Coast
3022,Norway,Canada,Spain
3023,Brazil,Morocco,Spain
3024,Spain,England,Australia
3025,Brazil,Belgium,Colombia
3026,Canada,England,Colombia
3027,France,Algeria,Ivory Coast
3028,Argentina,France,United States
3029,France,Argentina,Ecuador
3030,England,France,Portugal
3031,Germany,Mexico,Argentina
3032,Belgium,Mexico,Paraguay
3033,Spain,Argentina,France
3034,France,Mexico,Argentina
3035,Spain,Argentina,Netherlands
3036,Netherlands,Mexico,Austria
3037,Spain,Norway,Morocco
3038,Mexico,Austria,Australia
3039,Brazil,Germany,Senegal
3040,Argentina,France,Senegal
3041,France,Egypt,Spain
3042,Netherlands,England,Austria
3043,Belgium,Argentina,France
3044,Portugal,Argentina,France
3045,Argentina,Netherlands,Spain
3046,Austria,Argentina,England
3047,Morocco,Argentina,Portugal
3048,France,Colombia,Belgium
3049,Argentina,Belgium,Netherlands
3050,France,Japan,Argentina
3051,Portugal,England,Algeria
3052,Germany,Argentina,Spain
3053,Ecuador,Netherlands,Argentina
3054,Spain,Argentina,Germany
3055,France,Japan,Argentina
3056,Argentina,Austria,Netherlands
3057,Argentina,Portugal,Germany
3058,Argentina,Portugal,Netherlands
3059,Japan,Belgium,France
3060,France,Argentina,Spain
3061,England,Senegal,Colombia
3062,Spain,England,Morocco
3063,France,England,Switzerland
3064,Argentina,United States,Germany
3065,Argentina,Belgium,Germany
3066,Norway,United States,France
3067,Canada,Argentina,Spain
3068,Ecuador,Germany,Argentina
3069,Germany,Brazil,Ghana
3070,Argentina,Germany,Belgium
3071,Australia,Belgium,Japan
3072,Portugal,England,Argentina
3073,Croatia,Colombia,Brazil
3074,France,Mexico,Switzerland
3075,Spain,England,Colombia
3076,Spain,Argentina,Norway
3077,Brazil,Spain,Canada
3078,Paraguay,Argentina,Brazil
3079,Argentina,France,Brazil
3080,Norway,Portugal,Colombia
3081,France,Ivory Coast,Australia
3082,Spain,Australia,England
3083,Argentina,Canada,Japan
3084,France,Argentina,Spain
3085,England,Portugal,Germany
3086,Spain,Japan,France
3087,Japan,France,Belgium
3088,France,Algeria,Ecuador
3089,Colombia,Belgium,England
3090,Argentina,Belgium,Netherlands
3091,Brazil,Canada,Portugal
3092,Canada,Argentina,Spain
3093,Belgium,Australia,Morocco
3094,England,Portugal,France
3095,France,Japan,Austria
3096,Argentina,France,Senegal
3097,England,Canada,Portugal
3098,Spain,Argentina,England
3099,France,Switzerland,Portugal
3100,Argentina,Spain,England
3101,Japan,France,Spain
3102,Argentina,United States,Brazil
3103,England,Spain,Argentina
3104,Spain,Norway,Colombia
3105,Brazil,Canada,Belgium
3106,Spain,Norway,France
3107,England,France,Algeria
3108,Spain,Norway,France
3109,Portugal,Japan,Argentina
3110,Brazil,France,Belgium
3111,Argentina,Spain,France
3112,Spain,Ivory Coast,Netherlands
3113,Spain,Argentina,Brazil
3114,Netherlands,England,Senegal
3115,Argentina,Spain,Netherlands
3116,Morocco,Argentina,Brazil
3117,Egypt,Belgium,Canada
3118,Mexico,Spain,Colombia
3119,Morocco,Australia,United States
3120,Argentina,France,Spain
3121,Netherlands,Colombia,Spain
3122,Spain,Brazil,Algeria
3123,Argentina,Morocco,Senegal
3124,Argentina,Paraguay,Belgium
3125,Ivory Coast,Canada,Belgium
3126,France,Mexico,Spain
3127,England,France,Portugal
3128,United States,England,Morocco
3129,Argentina,Germany,Norway
3130,Japan,France,Ghana
3131,Spain,Switzerland,Morocco
3132,Argentina,France,Ecuador
3133,Germany,Ivory Coast,Belgium
3134,Belgium,Australia,England
3135,Portugal,Argentina,Norway
3136,England,France,Colombia
3137,Belgium,Norway,Paraguay
3138,Germany,England,Portugal
3139,England,France,Argentina
3140,Japan,Germany,Argentina
3141,Brazil,United States,Germany
3142,Germany,Norway,United States
3143,Colombia,France,Senegal
3144,Ivory Coast,Croatia,Argentina
3145,France,Mexico,Portugal
3146,Japan,Sweden,Algeria
3147,Argentina,Portugal,Mexico
3148,France,Argentina,Norway
3149,Argentina,Portugal,Mexico
3150,Belgium,England,France
3151,Netherlands,Argentina,Ivory Coast
3152,Canada,Brazil,Colombia
3153,Colombia,Germany,Portugal
3154,England,France,Spain
3155,Colombia,Portugal,England
3156,Brazil,Netherlands,Colombia
3157,Spain,Ivory Coast,Canada
3158,France,Argentina,Belgium
3159,Argentina,Netherlands,Spain
3160,England,France,Argentina
3161,England,Spain,France
3162,Argentina,Spain,Netherlands
3163,France,Norway,Senegal
3164,England,Spain,France
3165,Portugal,Argentina,Norway
3166,Argentina,Germany,Spain
3167,Croatia,Brazil,Colombia
3168,Argentina,Spain,France
3169,England,Germany,Australia
3170,Belgium,Ecuador,France
3171,Netherlands,England,Switzerland
3172,Colombia,Germany,Belgium
3173,Norway,Spain,Colombia
3174,Brazil,Spain,Egypt
3175,Netherlands,Ivory Coast,Argentina
3176,Spain,Colombia,Netherlands
3177,Argentina,Portugal,France
3178,Spain,Brazil,Egypt
3179,Japan,Spain,France
3180,Belgium,Egypt,France
3181,Spain,Norway,Switzerland
3182,Spain,Brazil,France
3183,Morocco,Japan,Australia
3184,England,Morocco,Australia
3185,Spain,Colombia,Sweden
3186,Austria,Argentina,Germany
3187,France,Ivory Coast,Colombia
3188,England,Morocco,Switzerland
3189,Argentina,Senegal,Netherlands
3190,Germany,Colombia,Portugal
3191,Japan,Spain,Germany
3192,Brazil,Spain,Colombia
3193,Netherlands,Argentina,Japan
3194,Croatia,Ivory Coast,Sweden
3195,England,Spain,Netherlands
3196,Argentina,Spain,Brazil
3197,France,Norway,United States
3198,Canada,Algeria,England
3199,France,Argentina,Belgium
3200,Spain,Japan,Egypt
3201,Spain,Argentina,France
3202,Colombia,Senegal,Morocco
3203,Germany,Colombia,Brazil
3204,Portugal,Ivory Coast,Morocco
3205,Argentina,Spain,Ivory Coast
3206,Argentina,Spain,France
3207,England,Spain,Netherlands
3208,Netherlands,Japan,Austria
3209,Japan,Portugal,Algeria
3210,Egypt,Netherlands,Japan
3211,France,Argentina,United States
3212,England,Germany,Belgium
3213,Japan,United States,Germany
3214,Ghana,France,Spain
3215,Argentina,Senegal,Norway
3216,Switzerland,Canada,Belgium
3217,Egypt,Sweden,Spain
3218,Canada,Colombia,Brazil
3219,Argentina,Spain,England
3220,Argentina,France,Mexico
3221,France,Colombia,Belgium
3222,France,Colombia,Japan
3223,Brazil,France,Argentina
3224,Ivory Coast,Canada,Colombia
3225,France,Japan,Austria
3226,England,Portugal,France
3227,Spain,Egypt,Canada
3228,Netherlands,Switzerland,Portugal
3229,Norway,Germany,Spain
3230,Argentina,Spain,Japan
3231,Morocco,Switzerland,Senegal
3232,Spain,Brazil,Canada
3233,Argentina,Croatia,Canada
3234,France,Australia,Portugal
3235,Ghana,Netherlands,Brazil
3236,Spain,Japan,Canada
3237,France,Colombia,Brazil
3238,Colombia,Belgium,England
3239,Japan,Austria,Canada
3240,Japan,Netherlands,Egypt
3241,Argentina,Portugal,Canada
3242,Spain,Mexico,Switzerland
3243,Germany,England,Belgium
3244,France,England,Spain
3245,United States,Brazil,Argentina
3246,Spain,Norway,Sweden
3247,France,Australia,Japan
3248,Canada,Argentina,England
3249,England,Netherlands,Senegal
3250,England,Spain,Egypt
3251,Morocco,Argentina,United States
3252,Brazil,Spain,France
3253,Argentina,United States,Brazil
3254,France,Colombia,United States
3255,Netherlands,Argentina,Brazil
3256,France,Brazil,Portugal
3257,Germany,Colombia,Belgium
3258,Argentina,Spain,Paraguay
3259,United States,Ecuador,Ghana
3260,Belgium,Brazil,Germany
3261,England,Germany,Spain
3262,Portugal,Mexico,Argentina
3263,France,Colombia,Spain
3264,Japan,Germany,Spain
3265,Portugal,Japan,Argentina
3266,England,Canada,Senegal
3267,Cape Verde Islands,Spain,England
3268,Spain,Ecuador,Colombia
3269,Argentina,France,Brazil
3270,Belgium,England,France
3271,Switzerland,France,Belgium
3272,Netherlands,Argentina,Japan
3273,Argentina,Spain,France
3274,Ecuador,Netherlands,Senegal
3275,England,Netherlands,United States
3276,Argentina,Germany,Norway
3277,England,France,Spain
3278,Colombia,Germany,Belgium
3279,Croatia,Switzerland,France
3280,Brazil,Spain,Netherlands
3281,Argentina,Netherlands,Austria
3282,Norway,Belgium,Egypt
3283,Mexico,Canada,Senegal
3284,Argentina,Netherlands,Mexico
3285,Argentina,Spain,Netherlands
3286,Spain,Argentina,England
3287,United States,Colombia,France
3288,France,Australia,England
3289,England,Portugal,Canada
3290,Netherlands,Brazil,United States
3291,Argentina,France,Belgium
3292,Switzerland,Spain,Japan
3293,Netherlands,Argentina,England
3294,Argentina,Morocco,Brazil
3295,Japan,Netherlands,Argentina
3296,Argentina,Sweden,Norway
3297,Netherlands,Argentina,Norway
3298,Netherlands,Colombia,Brazil
3299,England,Portugal,Morocco
3300,Germany,Ivory Coast,Colombia
3301,Portugal,Egypt,Brazil
3302,Argentina,Netherlands,Brazil
3303,France,England,Belgium
3304,France,Norway,Colombia
3305,Spain,England,Egypt
3306,Netherlands,England,Argentina
3307,Portugal,Australia,Brazil
3308,England,Germany,United States
3309,Ecuador,Portugal,Argentina
3310,Mexico,France,Colombia
3311,France,Mexico,Algeria
3312,England,Senegal,Morocco
3313,Belgium,Argentina,Japan
3314,Morocco,Brazil,Argentina
3315,France,Norway,Argentina
3316,United States,Australia,Brazil
3317,France,Switzerland,Brazil
3318,Spain,Argentina,Netherlands
3319,Belgium,Switzerland,England
3320,Switzerland,Germany,Japan
3321,Mexico,Germany,Croatia
3322,Colombia,Netherlands,Mexico
3323,Netherlands,England,Portugal
3324,Switzerland,Croatia,Norway
3325,Netherlands,Algeria,United States
3326,Sweden,Mexico,United States
3327,France,Algeria,England
3328,Argentina,Portugal,France
3329,Netherlands,Cape Verde Islands,Croatia
3330,England,Canada,Croatia
3331,France,England,Croatia
3332,France,Australia,Spain
3333,Spain,Colombia,Canada
3334,Argentina,Spain,Germany
3335,France,Argentina,United States
3336,France,Argentina,Japan
3337,Ivory Coast,Senegal,Colombia
3338,Portugal,Switzerland,Canada
3339,Portugal,Cape Verde Islands,Ivory Coast
3340,Germany,Brazil,Belgium
3341,Belgium,Australia,England
3342,Egypt,Belgium,England
3343,France,Australia,Portugal
3344,Germany,Brazil,Portugal
3345,Mexico,Portugal,France
3346,Spain,Ivory Coast,Netherlands
3347,England,Germany,Switzerland
3348,Argentina,France,Congo DR
3349,Spain,Argentina,Netherlands
3350,Brazil,Portugal,France
3351,Spain,Colombia,Germany
3352,Japan,Netherlands,Spain
3353,Netherlands,Cape Verde Islands,Brazil
3354,Argentina,Germany,England
3355,Portugal,Brazil,Switzerland
3356,Germany,Colombia,Belgium
3357,Spain,Colombia,Brazil
3358,Japan,Sweden,Egypt
3359,Argentina,Austria,Mexico
3360,Canada,Switzerland,England
3361,Portugal,England,Australia
3362,Argentina,Netherlands,Spain
3363,France,England,Argentina
3364,France,Argentina,Norway
3365,Norway,Spain,Argentina
3366,France,Argentina,Brazil
3367,Mexico,Morocco,Australia
3368,United States,England,Morocco
3369,Argentina,Portugal,France
3370,France,Norway,Argentina
3371,Netherlands,Japan,Argentina
3372,Spain,Argentina,Germany
3373,Spain,Switzerland,Germany
3374,Mexico,United States,Netherlands
3375,Netherlands,Argentina,Portugal
3376,Mexico,Germany,Spain
3377,Portugal,Ivory Coast,Morocco
3378,Senegal,Argentina,France
3379,Spain,Brazil,Egypt
3380,Brazil,United States,Algeria
3381,Japan,Portugal,Argentina
3382,Japan,Austria,Algeria
3383,Argentina,France,Spain
3384,England,Netherlands,Portugal
3385,Japan,Senegal,Argentina
3386,England,Germany,Colombia
3387,Argentina,Canada,Brazil
3388,Germany,England,Portugal
3389,France,Algeria,Croatia
3390,Argentina,France,Ecuador
3391,Canada,Switzerland,Portugal
3392,Japan,Canada,Colombia
3393,Argentina,Spain,Sweden
3394,Portugal,Mexico,Paraguay
3395,Portugal,Brazil,Egypt
3396,France,Algeria,Norway
3397,Spain,Ivory Coast,Netherlands
3398,England,Spain,Netherlands
3399,Argentina,Belgium,Ivory Coast
3400,Argentina,United States,England
3401,France,Argentina,Spain
3402,Argentina,Netherlands,Brazil
3403,Brazil,Portugal,France
3404,Spain,Colombia,France
3405,Argentina,Spain,Paraguay
3406,Mexico,Croatia,Cape Verde Islands
3407,Senegal,England,Switzerland
3408,Brazil,Canada,Egypt
3409,Argentina,Spain,Netherlands
3410,France,Colombia,Japan
3411,Brazil,Morocco,Belgium
3412,Portugal,England,Netherlands
3413,Argentina,Belgium,Morocco
3414,Croatia,England,Argentina
3415,Morocco,England,Argentina
3416,Netherlands,Argentina,Senegal
3417,Argentina,Spain,Netherlands
3418,Argentina,France,Japan
3419,Argentina,United States,England
3420,Argentina,Belgium,Japan
3421,Mexico,Netherlands,Spain
3422,Japan,Spain,Algeria
3423,Spain,England,France
3424,Egypt,Spain,Ivory Coast
3425,Germany,England,Colombia
3426,Argentina,Spain,Brazil
3427,Spain,Switzerland,Netherlands
3428,Argentina,Belgium,England
3429,Argentina,France,England
3430,Netherlands,Argentina,Spain
3431,Argentina,Netherlands,England
3432,England,Netherlands,Spain
3433,Germany,England,Ghana
3434,Spain,Argentina,France
3435,Spain,England,France
3436,France,Egypt,Brazil
3437,Spain,Egypt,France
3438,Mexico,Paraguay,Belgium
3439,Spain,Switzerland,Japan
3440,France,Australia,Spain
3441,France,England,Argentina
3442,Japan,Morocco,Ghana
3443,Mexico,France,Belgium
3444,Germany,Switzerland,United States
3445,Germany,Cape Verde Islands,Ivory Coast
3446,France,Argentina,England
3447,Argentina,France,Portugal
3448,England,France,Spain
3449,Brazil,France,Argentina
3450,Spain,Algeria,Mexico
3451,Germany,Ivory Coast,Argentina
3452,Norway,France,Algeria
3453,Japan,France,Portugal
3454,Colombia,Morocco,Belgium
3455,Switzerland,France,Spain
3456,Germany,Argentina,England
3457,Brazil,France,Australia
3458,Morocco,Argentina,Ecuador
3459,England,France,Algeria
3460,Ecuador,France,Algeria
3461,Spain,Australia,England
3462,France,Brazil,Portugal
3463,Argentina,France,Belgium
3464,Argentina,Germany,England
3465,Argentina,Canada,Portugal
3466,France,Mexico,Argentina
3467,Spain,England,Netherlands
3468,Netherlands,Brazil,United States
3469,Brazil,Portugal,Morocco
3470,Netherlands,Switzerland,Mexico
3471,United States,Brazil,Argentina
3472,Mexico,Spain,Morocco
3473,Germany,Australia,Belgium
3474,France,England,Spain
3475,Spain,Switzerland,Mexico
3476,Austria,Mexico,Canada
3477,Netherlands,Egypt,Senegal
3478,Netherlands,England,United States
3479,Argentina,Germany,Spain
3480,Egypt,France,Portugal
3481,England,France,Argentina
3482,Ghana,Portugal,England
3483,Morocco,Ecuador,Australia
3484,Netherlands,Colombia,Portugal
3485,Australia,Morocco,Portugal
3486,Belgium,Ivory Coast,France
3487,Ivory Coast,Belgium,Australia
3488,Belgium,England,Netherlands
3489,Brazil,Canada,Spain
3490,Argentina,France,Spain
3491,Colombia,France,Brazil
3492,France,Japan,Senegal
3493,Australia,Portugal,Japan
3494,Japan,Netherlands,Colombia
3495,Spain,Argentina,Brazil
3496,Argentina,Spain,Morocco
3497,Argentina,Senegal,Norway
3498,England,Portugal,Netherlands
3499,England,Belgium,Switzerland
3500,Spain,Australia,Japan
3501,England,Netherlands,Austria
3502,Netherlands,Australia,Ivory Coast
3503,Japan,France,Portugal
3504,Morocco,Switzerland,Spain
3505,France,England,Portugal
3506,Mexico,Paraguay,Argentina
3507,Canada,Japan,Colombia
3508,Ivory Coast,Bosnia-Herzegovina,France
3509,Norway,Morocco,Egypt
3510,Algeria,Portugal,Canada
3511,Germany,England,Argentina
3512,Ivory Coast,Senegal,Netherlands
3513,France,England,Colombia
3514,Belgium,Japan,Argentina
3515,France,Ecuador,Belgium
3516,England,France,Argentina
3517,England,Spain,Argentina
3518,Argentina,Croatia,Brazil
3519,Norway,Belgium,Ghana
3520,Argentina,Germany,Ecuador
3521,England,Belgium,Morocco
3522,France,Ecuador,United States
3523,Netherlands,Argentina,Senegal
3524,Spain,England,Argentina
3525,United States,Ecuador,Colombia
3526,Belgium,Argentina,France
3527,France,England,Portugal
3528,Argentina,Germany,United States
3529,Ecuador,Portugal,Netherlands
3530,France,Brazil,United States
3531,Canada,Argentina,United States
3532,Mexico,Spain,Argentina
3533,Germany,Argentina,Ecuador
3534,Netherlands,Brazil,United States
3535,Portugal,Argentina,England
3536,Norway,Portugal,Germany
3537,Spain,Mexico,Canada
3538,Canada,Australia,Japan
3539,Senegal,Australia,France
3540,Brazil,France,Portugal
3541,Germany,Brazil,Spain
3542,Spain,Japan,Netherlands
3543,Argentina,France,Mexico
3544,England,Morocco,Colombia
3545,Japan,Belgium,Morocco
3546,Brazil,Spain,Paraguay
3547,France,Japan,Belgium
3548,Argentina,Portugal,France
3549,Brazil,Paraguay,Egypt
3550,Spain,Norway,Switzerland
3551,France,England,United States
3552,Netherlands,Argentina,England
3553,Argentina,Netherlands,Belgium
3554,Argentina,Portugal,Canada
3555,England,Senegal,Algeria
3556,Spain,Argentina,Japan
3557,Belgium,Argentina,Mexico
3558,Brazil,Morocco,Argentina
3559,Argentina,Portugal,Netherlands
3560,Argentina,Morocco,Japan
3561,France,England,Portugal
3562,Germany,Norway,Egypt
3563,Colombia,France,Mexico
3564,Portugal,England,France
3565,Argentina,Netherlands,Spain
3566,Brazil,Portugal,France
3567,Belgium,England,France
3568,Switzerland,Morocco,Spain
3569,Argentina,Belgium,Japan
3570,Colombia,Spain,Morocco
3571,Argentina,France,Mexico
3572,France,England,Senegal
3573,Argentina,Morocco,England
3574,Colombia,Paraguay,Brazil
3575,Algeria,Germany,Spain
3576,Spain,England,Switzerland
3577,England,Spain,France
3578,England,Germany,United States
3579,France,England,Portugal
3580,Argentina,France,Spain
3581,Argentina,Portugal,Brazil
3582,Australia,Canada,Spain
3583,Switzerland,Germany,United States
3584,England,Netherlands,Belgium
3585,Spain,Colombia,Canada
3586,Mexico,Netherlands,Switzerland
3587,Morocco,Colombia,Mexico
3588,Portugal,Colombia,France
3589,Belgium,Ivory Coast,Argentina
3590,Morocco,Norway,Colombia
3591,Norway,France,Portugal
3592,France,England,Egypt
3593,Canada,Algeria,Senegal
3594,Germany,England,Switzerland
3595,Argentina,Belgium,Brazil
3596,Japan,United States,France
3597,Portugal,Colombia,Brazil
3598,Germany,Egypt,Portugal
3599,Argentina,Austria,Canada
3600,Argentina,France,Bosnia-Herzegovina
3601,Spain,Brazil,Algeria
3602,Germany,Algeria,Ecuador
3603,Spain,Algeria,Brazil
3604,Spain,Algeria,Brazil
3605,Argentina,Belgium,Mexico
3606,Belgium,Egypt,England
3607,Morocco,Switzerland,Croatia
3608,France,England,Spain
3609,Spain,Mexico,Switzerland
3610,Japan,France,Switzerland
3611,France,Argentina,Brazil
3612,Germany,Japan,Spain
3613,Netherlands,Japan,Spain
3614,Ecuador,Canada,United States
3615,Netherlands,Norway,Senegal
3616,Argentina,United States,France
3617,Argentina,Portugal,England
3618,Senegal,Ivory Coast,Colombia
3619,England,Belgium,Netherlands
3620,Brazil,Spain,Colombia
3621,France,Argentina,Norway
3622,France,England,United States
3623,Japan,Germany,Argentina
3624,Japan,Spain,Netherlands
3625,Paraguay,Argentina,Japan
3626,Paraguay,Japan,Argentina
3627,Brazil,Belgium,Switzerland
3628,Germany,Mexico,Portugal
3629,Colombia,Belgium,Japan
3630,Argentina,Spain,Japan
3631,Sweden,Egypt,Brazil
3632,Argentina,Netherlands,Senegal
3633,Argentina,Netherlands,Portugal
3634,Paraguay,Japan,Colombia
3635,Spain,Argentina,Brazil
3636,England,Spain,France
3637,Argentina,Portugal,Canada
3638,England,Canada,Argentina
3639,Paraguay,Argentina,Spain
3640,United States,Argentina,Sweden
3641,Argentina,Belgium,Brazil
3642,Spain,Argentina,England
3643,Egypt,Spain,Morocco
3644,Argentina,Netherlands,England
3645,Norway,Portugal,Colombia
3646,Colombia,Canada,Austria
3647,Australia,Belgium,France
3648,Argentina,Spain,England
3649,Australia,France,Brazil
3650,England,France,Argentina
3651,France,Argentina,England
3652,Netherlands,Japan,Portugal
3653,Morocco,Japan,Ghana
3654,Spain,Algeria,Brazil
3655,Japan,Spain,Egypt
3656,Portugal,Algeria,Netherlands
3657,France,England,Portugal
3658,Sweden,England,Egypt
3659,England,Spain,Australia
3660,Germany,England,United States
3661,Brazil,Paraguay,Spain
3662,Belgium,Colombia,Mexico
3663,Japan,Belgium,Algeria
3664,Ecuador,Netherlands,Portugal
3665,Portugal,Ecuador,Canada
3666,Portugal,Argentina,Morocco
3667,France,England,Austria
3668,Colombia,Croatia,England
3669,Morocco,Brazil,Portugal
3670,Argentina,Croatia,Japan
3671,Spain,Algeria,Netherlands
3672,Japan,Canada,Spain
3673,Germany,Ivory Coast,Argentina
3674,Japan,Spain,Germany
3675,England,Portugal,Netherlands
3676,Argentina,Spain,Brazil
3677,Spain,Mexico,Netherlands
3678,Canada,Australia,Spain
3679,France,Norway,Croatia
3680,Colombia,Germany,Senegal
3681,England,Portugal,Morocco
3682,Argentina,France,Norway
3683,Brazil,Germany,Australia
3684,Brazil,Belgium,Argentina
3685,Austria,Colombia,Germany
3686,Netherlands,Colombia,Brazil
3687,Argentina,Belgium,England
3688,France,Brazil,Australia
3689,Spain,Mexico,France
3690,Netherlands,Switzerland,Belgium
3691,Netherlands,Australia,England
3692,Argentina,Germany,Portugal
3693,Argentina,France,Ivory Coast
3694,Spain,Mexico,Argentina
3695,Ivory Coast,Belgium,Colombia
3696,England,Spain,France
3697,Cape Verde Islands,Germany,Brazil
3698,Switzerland,Germany,Belgium
3699,Argentina,France,Spain
3700,France,Japan,Portugal
3701,England,Germany,Argentina
3702,Netherlands,Mexico,United States
3703,Mexico,France,Argentina
3704,Portugal,Japan,France
3705,England,Spain,Morocco
3706,Germany,Brazil,Spain
3707,France,Argentina,Spain
3708,Spain,Mexico,Argentina
3709,Norway,Spain,Germany
3710,Ghana,France,Spain
3711,England,Netherlands,Argentina
3712,Argentina,Canada,Austria
3713,England,Netherlands,Argentina
3714,England,Austria,Argentina
3715,France,Algeria,Spain
3716,Argentina,Spain,Brazil
3717,Spain,Mexico,France
3718,Morocco,Ghana,Spain
3719,Argentina,Netherlands,Belgium
3720,Argentina,Spain,France
3721,Argentina,France,United States
3722,Ghana,Germany,Brazil
3723,Canada,Colombia,Brazil
3724,Spain,Brazil,Argentina
3725,Colombia,Spain,Germany
3726,Brazil,France,Belgium
3727,Argentina,Belgium,Morocco
3728,Argentina,Netherlands,Croatia
3729,France,Argentina,Portugal
3730,Colombia,Paraguay,Senegal
3731,Colombia,France,England
3732,England,Germany,Austria
3733,England,France,Portugal
3734,France,Brazil,Belgium
3735,Switzerland,Germany,Belgium
3736,Brazil,France,Portugal
3737,Argentina,Belgium,Brazil
3738,England,Germany,Croatia
3739,Ecuador,Germany,Spain
3740,Brazil,United States,Argentina
3741,Algeria,Austria,France
3742,France,Egypt,Portugal
3743,Portugal,Egypt,Mexico
3744,Germany,Brazil,Algeria
3745,Switzerland,Morocco,Spain
3746,Belgium,Argentina,Morocco
3747,Argentina,Spain,France
3748,Colombia,France,United States
3749,Croatia,Argentina,France
3750,Norway,Spain,Argentina
3751,Argentina,Belgium,France
3752,Argentina,United States,Morocco
3753,France,Brazil,Croatia
3754,Belgium,Argentina,Brazil
3755,Argentina,United States,France
3756,Switzerland,France,Spain
3757,Spain,Mexico,Argentina
3758,Colombia,Belgium,Brazil
3759,Portugal,Argentina,Morocco
3760,Argentina,Paraguay,Brazil
3761,Croatia,England,France
3762,Brazil,Germany,Spain
3763,Argentina,Belgium,Brazil
3764,Japan,Austria,Colombia
3765,England,Canada,Egypt
3766,Argentina,Belgium,France
3767,England,Netherlands,Egypt
3768,Argentina,Senegal,France
3769,Argentina,Canada,Spain
3770,Spain,Colombia,Brazil
3771,Belgium,Argentina,Brazil
3772,France,Japan,United States
3773,Netherlands,Colombia,Belgium
3774,Spain,England,Argentina
3775,Argentina,France,Portugal
3776,Argentina,Paraguay,United States
3777,Egypt,Morocco,England
3778,Spain,Cape Verde Islands,France
3779,France,Ivory Coast,Belgium
3780,France,Brazil,United States
3781,France,Norway,Portugal
3782,Germany,Japan,Austria
3783,Brazil,Morocco,Switzerland
3784,Argentina,France,England
3785,England,France,Australia
3786,Germany,Argentina,England
3787,France,Switzerland,Japan
3788,Netherlands,England,Portugal
3789,Netherlands,England,Portugal
3790,Senegal,England,Canada
3791,England,Morocco,Argentina
3792,France,Mexico,Switzerland
3793,Mexico,Netherlands,United States
3794,Austria,Egypt,France
3795,Colombia,Senegal,England
3796,Spain,Colombia,Brazil
3797,Morocco,Brazil,Colombia
3798,Switzerland,Portugal,Netherlands
3799,Argentina,Germany,Spain
3800,Spain,Switzerland,Brazil
3801,Spain,Switzerland,Norway
3802,Ivory Coast,France,Portugal
3803,Belgium,Colombia,Germany
3804,Mexico,Belgium,Germany
3805,Argentina,France,Spain
3806,Argentina,Spain,Norway
3807,Netherlands,Argentina,Spain
3808,Australia,Portugal,Norway
3809,France,England,Australia
3810,France,Ivory Coast,Senegal
3811,Spain,Argentina,France
3812,Australia,Portugal,France
3813,Brazil,France,Spain
3814,Norway,Senegal,Algeria
3815,Japan,Sweden,Argentina
3816,Argentina,Netherlands,Brazil
3817,Argentina,Belgium,Germany
3818,Spain,Algeria,Brazil
3819,Spain,Argentina,Mexico
3820,Brazil,Croatia,France
3821,Germany,Japan,Egypt
3822,Mexico,Netherlands,Portugal
3823,Germany,Japan,Argentina
3824,Argentina,Germany,Austria
3825,Colombia,France,Spain
3826,Brazil,France,Portugal
3827,Portugal,Egypt,France
3828,Morocco,Argentina,Croatia
3829,Spain,Algeria,Norway
3830,Norway,France,Croatia
3831,Belgium,Argentina,Norway
3832,France,Mexico,Belgium
3833,France,Switzerland,England
3834,Australia,Germany,Croatia
3835,Belgium,Egypt,Paraguay
3836,Argentina,Germany,Brazil
3837,Senegal,Argentina,Ivory Coast
3838,France,Argentina,United States
3839,Croatia,Ecuador,Algeria
3840,Morocco,Colombia,England
3841,Argentina,Senegal,France
3842,Brazil,Belgium,France
3843,Algeria,Netherlands,Portugal
3844,Morocco,Japan,Portugal
3845,France,Brazil,Argentina
3846,Colombia,Senegal,Japan
3847,Mexico,Portugal,Argentina
3848,England,Germany,Switzerland
3849,England,France,Belgium
3850,England,Spain,Argentina
3851,Argentina,Canada,Ecuador
3852,Australia,Portugal,Netherlands
3853,France,Argentina,Senegal
3854,Belgium,Brazil,France
3855,Spain,England,France
3856,Argentina,Morocco,Japan
3857,Croatia,Congo DR,Colombia
3858,Mexico,Morocco,Croatia
3859,Spain,Brazil,Netherlands
3860,Egypt,Portugal,Netherlands
3861,Spain,Argentina,Japan
3862,Switzerland,Canada,Mexico
3863,England,Spain,Argentina
3864,Morocco,Japan,Spain
3865,Spain,Egypt,Netherlands
3866,Spain,Switzerland,Morocco
3867,Colombia,France,Austria
3868,France,Argentina,Belgium
3869,Germany,Japan,Portugal
3870,Norway,Senegal,France
3871,Argentina,Morocco,Portugal
3872,Argentina,France,England
3873,Argentina,Canada,United States
3874,France,Argentina,Mexico
3875,Germany,Algeria,Spain
3876,England,United States,France
3877,Argentina,Netherlands,Japan
3878,Croatia,Switzerland,France
3879,Germany,Japan,Spain
3880,France,Japan,Algeria
3881,England,Germany,Argentina
3882,Norway,Austria,Canada
3883,France,England,Colombia
3884,Spain,England,France
3885,Netherlands,England,Colombia
3886,Portugal,Mexico,France
3887,Mexico,Belgium,Argentina
3888,Netherlands,Argentina,Spain
3889,Belgium,Mexico,Argentina
3890,Argentina,Germany,Senegal
3891,England,Spain,Colombia
3892,Germany,Ecuador,Colombia
3893,Brazil,Portugal,Argentina
3894,Argentina,Belgium,France
3895,Japan,Belgium,Colombia
3896,France,Ivory Coast,United States
3897,Senegal,England,Netherlands
3898,Colombia,Portugal,Ecuador
3899,Argentina,Portugal,Ivory Coast
3900,Spain,Japan,Colombia
3901,France,Japan,Portugal
3902,Argentina,United States,Morocco
3903,Portugal,England,Switzerland
3904,England,Belgium,France
3905,Spain,Argentina,Netherlands
3906,Argentina,Canada,Spain
3907,Ivory Coast,Senegal,Argentina
3908,Brazil,France,Algeria
3909,Germany,England,Argentina
3910,France,Switzerland,Spain
3911,Argentina,Spain,Germany
3912,Algeria,France,England
3913,Portugal,Argentina,Morocco
3914,Spain,Norway,Australia
3915,Spain,Brazil,Colombia
3916,France,Argentina,Portugal
3917,Argentina,Netherlands,Croatia
3918,England,France,Spain
3919,Netherlands,England,Senegal
3920,Ghana,France,Belgium
3921,Switzerland,Canada,Ecuador
3922,Spain,Mexico,Australia
3923,Egypt,Canada,Mexico
3924,Colombia,France,Brazil
3925,Switzerland,Canada,Brazil
3926,United States,Colombia,Morocco
3927,Switzerland,France,Spain
3928,England,France,Spain
3929,Spain,Egypt,Brazil
3930,England,Spain,Colombia
3931,England,Spain,Argentina
3932,Germany,England,United States
3933,England,Spain,France
3934,Spain,England,France
3935,France,Argentina,Portugal
3936,France,England,Spain
3937,Argentina,France,Senegal
3938,Brazil,France,Egypt
3939,Germany,Japan,Switzerland
3940,Argentina,United States,England
3941,France,Switzerland,Belgium
3942,Colombia,United States,Germany
3943,Spain,Colombia,Japan
3944,Morocco,Brazil,Colombia
3945,France,Argentina,Norway
3946,Japan,Netherlands,Spain
3947,Argentina,Canada,Congo DR
3948,Germany,Switzerland,Brazil
3949,Brazil,Belgium,Netherlands
3950,Morocco,Switzerland,United States
3951,Argentina,Paraguay,Spain
3952,Australia,Croatia,France
3953,Argentina,Spain,Japan
3954,Spain,Switzerland,Ecuador
3955,Australia,Spain,Morocco
3956,Argentina,Portugal,Canada
3957,Spain,Norway,France
3958,England,Canada,Spain
3959,Switzerland,France,Portugal
3960,France,England,Colombia
3961,Argentina,United States,Germany
3962,Argentina,Senegal,Brazil
3963,Colombia,Croatia,Ecuador
3964,Spain,Argentina,Germany
3965,Colombia,Portugal,Mexico
3966,Mexico,France,Belgium
3967,Spain,Colombia,Brazil
3968,Argentina,Austria,Germany
3969,France,England,Spain
3970,Spain,Colombia,Japan
3971,Spain,Colombia,Netherlands
3972,France,Argentina,Spain
3973,Brazil,Canada,Colombia
3974,Spain,Argentina,France
3975,Algeria,United States,Netherlands
3976,France,Australia,Brazil
3977,Spain,Norway,Switzerland
3978,Brazil,Belgium,Germany
3979,Austria,England,France
3980,France,Brazil,Croatia
3981,Norway,Netherlands,Portugal
3982,England,United States,Argentina
3983,Mexico,Spain,Colombia
3984,Mexico,Spain,Algeria
3985,Spain,Algeria,Netherlands
3986,France,Norway,Switzerland
3987,Netherlands,Argentina,Mexico
3988,Ivory Coast,Belgium,Switzerland
3989,England,Netherlands,Argentina
3990,Spain,Japan,Netherlands
3991,Argentina,Belgium,Germany
3992,Algeria,Canada,Spain
3993,Spain,Mexico,Morocco
3994,England,France,United States
3995,France,Argentina,Brazil
3996,Argentina,United States,Morocco
3997,Netherlands,Ecuador,Cape Verde Islands
3998,France,Argentina,Belgium
3999,England,Spain,Netherlands
4000,Mexico,United States,Germany
4001,Portugal,England,Australia
4002,Colombia,Portugal,England
4003,France,Switzerland,Japan
4004,Portugal,Ivory Coast,Argentina
4005,Croatia,Argentina,England
4006,Argentina,Spain,Morocco
4007,Germany,Argentina,Spain
4008,England,Morocco,Spain
4009,Argentina,Belgium,France
4010,Argentina,France,England
4011,England,Senegal,Colombia
4012,Germany,England,Spain
4013,England,Croatia,Colombia
4014,Croatia,Colombia,England
4015,Ecuador,Belgium,Ghana
4016,Brazil,Paraguay,United States
4017,France,Mexico,Croatia
4018,Argentina,Spain,Brazil
4019,Argentina,Morocco,Belgium
4020,Algeria,Croatia,Morocco
4021,England,Spain,Argentina
4022,Argentina,Netherlands,Brazil
4023,Morocco,Mexico,Argentina
4024,France,Norway,Colombia
4025,England,Morocco,Argentina
4026,England,Senegal,Algeria
4027,France,England,Argentina
4028,Portugal,England,France
4029,Australia,Paraguay,England
4030,Belgium,Mexico,Colombia
4031,Belgium,Argentina,France
4032,England,France,Senegal
4033,Argentina,France,Brazil
4034,Brazil,France,Spain
4035,France,Mexico,Argentina
4036,France,Colombia,England
4037,England,France,Cape Verde Islands
4038,Spain,Switzerland,England
4039,Mexico,Paraguay,Argentina
4040,Belgium,Argentina,Netherlands
4041,England,France,Spain
4042,France,Ghana,Portugal
4043,Canada,Colombia,Austria
4044,Bosnia-Herzegovina,Algeria,Japan
4045,Colombia,Belgium,France
4046,England,Spain,Germany
4047,Spain,Switzerland,Morocco
4048,Brazil,Portugal,Australia
4049,Japan,France,Portugal
4050,England,Spain,Germany
4051,Belgium,Mexico,Argentina
4052,Spain,Norway,Canada
4053,Spain,Argentina,Netherlands
4054,Norway,Canada,Egypt
4055,Canada,Argentina,Spain
4056,Portugal,England,Sweden
4057,France,Colombia,Belgium
4058,France,Egypt,Portugal
4059,Australia,Netherlands,England
4060,England,France,Belgium
4061,Mexico,Canada,Portugal
4062,Argentina,Morocco,England
4063,Norway,Morocco,Argentina
4064,Japan,Morocco,United States
4065,Japan,Germany,Switzerland
4066,Egypt,Spain,England
4067,France,England,Spain
4068,Portugal,England,France
4069,Argentina,Paraguay,Spain
4070,Japan,Netherlands,Argentina
4071,Argentina,France,Senegal
4072,Belgium,Argentina,Morocco
4073,Argentina,Morocco,Portugal
4074,Brazil,Germany,Portugal
4075,Argentina,Paraguay,Japan
4076,Brazil,Netherlands,Egypt
4077,Portugal,Ecuador,Canada
4078,Croatia,Argentina,Canada
4079,Croatia,Brazil,France
4080,England,Canada,Croatia
4081,Argentina,Portugal,Norway
4082,Argentina,Canada,Portugal
4083,Brazil,Belgium,Australia
4084,United States,Japan,France
4085,Argentina,Belgium,Canada
4086,Belgium,Argentina,Germany
4087,Netherlands,Colombia,Portugal
4088,England,France,Spain
4089,Ecuador,Germany,Portugal
4090,Brazil,France,Switzerland
4091,Portugal,England,Argentina
4092,Switzerland,Portugal,Ivory Coast
4093,Portugal,Egypt,Morocco
4094,Australia,Morocco,Austria
4095,Croatia,Japan,Australia
4096,Brazil,France,Portugal
4097,France,Argentina,England
4098,England,Germany,Portugal
4099,Morocco,Switzerland,Mexico
4100,Egypt,Belgium,England
4101,Morocco,Colombia,Norway
4102,Argentina,United States,Ivory Coast
4103,France,Ivory Coast,Belgium
4104,Belgium,Argentina,Ivory Coast
4105,Spain,Colombia,Brazil
4106,Mexico,Netherlands,Argentina
4107,Spain,Argentina,Morocco
4108,France,Egypt,Spain
4109,Spain,Argentina,Mexico
4110,Belgium,England,Australia
4111,Spain,Brazil,Argentina
4112,Colombia,Netherlands,Brazil
4113,Spain,Colombia,France
4114,England,Germany,Belgium
4115,France,Brazil,Argentina
4116,Argentina,France,Belgium
4117,Spain,Switzerland,Brazil
4118,Senegal,Ecuador,France
4119,Spain,England,France
4120,England,Germany,Colombia
4121,Norway,Spain,Canada
4122,Canada,Argentina,Spain
4123,Germany,Ivory Coast,Algeria
4124,Spain,Mexico,France
4125,Brazil,France,Argentina
4126,France,England,Spain
4127,Germany,Japan,Egypt
4128,England,France,United States
4129,England,France,Colombia
4130,England,Belgium,Canada
4131,France,Colombia,Belgium
4132,Argentina,Portugal,Ivory Coast
4133,Argentina,Portugal,France
4134,Germany,Norway,Austria
4135,Spain,Mexico,France
4136,Spain,England,Argentina
4137,Spain,Egypt,Canada
4138,France,Japan,Portugal
4139,United States,Norway,France
4140,Belgium,Switzerland,France
4141,Colombia,Spain,Mexico
4142,Spain,Japan,Switzerland
4143,Argentina,Spain,France
4144,Germany,Norway,Argentina
4145,France,Australia,Bosnia-Herzegovina
4146,Argentina,Belgium,Germany
4147,Argentina,Belgium,Ivory Coast
4148,Argentina,Senegal,England
4149,Paraguay,Australia,Brazil
4150,France,Japan,Croatia
4151,Switzerland,France,Mexico
4152,France,Argentina,Ecuador
4153,Argentina,United States,England
4154,Mexico,Netherlands,Argentina
4155,United States,Argentina,Brazil
4156,Morocco,Brazil,Portugal
4157,Argentina,Canada,Mexico
4158,France,Argentina,Senegal
4159,Japan,Netherlands,Colombia
4160,Belgium,Argentina,France
4161,Spain,Colombia,England
4162,France,Argentina,Mexico
4163,Spain,Colombia,Norway
4164,France,Argentina,England
4165,Argentina,Netherlands,Brazil
4166,Belgium,Algeria,France
4167,England,Portugal,Switzerland
4168,Argentina,Spain,Japan
4169,Norway,Croatia,Canada
4170,Belgium,Egypt,England
4171,France,Colombia,Belgium
4172,Argentina,United States,England
4173,Spain,England,Germany
4174,Spain,Argentina,Brazil
4175,Ecuador,Spain,Argentina
4176,England,Netherlands,Belgium
4177,Germany,Congo DR,Portugal
4178,United States,Japan,France
4179,Germany,Switzerland,Mexico
4180,Egypt,France,Senegal
4181,Netherlands,Mexico,Colombia
4182,Germany,Argentina,Senegal
4183,France,Algeria,Spain
4184,Mexico,France,Argentina
4185,Egypt,Croatia,England
4186,Spain,Algeria,France
4187,Ivory Coast,Canada,Spain
4188,Mexico,Germany,Argentina
4189,Senegal,England,Colombia
4190,Brazil,Netherlands,Austria
4191,Japan,Belgium,Netherlands
4192,France,Colombia,Spain
4193,England,Belgium,Australia
4194,Argentina,Spain,Germany
4195,Sweden,Brazil,Argentina
4196,Croatia,Argentina,Canada
4197,Netherlands,Brazil,Egypt
4198,Argentina,Portugal,Mexico
4199,England,France,Switzerland
4200,Japan,Portugal,Australia
4201,Spain,England,Australia
4202,Brazil,Canada,Spain
4203,Portugal,Argentina,France
4204,France,Egypt,Belgium
4205,France,Colombia,Japan
4206,Norway,Belgium,Colombia
4207,Argentina,Netherlands,United States
4208,France,Argentina,Brazil
4209,Spain,Norway,France
4210,Japan,Spain,Germany
4211,France,Argentina,Senegal
4212,Canada,Ivory Coast,Argentina
4213,Algeria,France,Brazil
4214,Morocco,England,Senegal
4215,Colombia,Portugal,France
4216,Brazil,France,Egypt
4217,Spain,Argentina,Canada
4218,Spain,Switzerland,France
4219,United States,Argentina,England
4220,England,France,Portugal
4221,England,France,Colombia
4222,Argentina,Paraguay,England
4223,Morocco,England,United States
4224,Senegal,Brazil,Australia
4225,Spain,Norway,Morocco
4226,Austria,Mexico,Netherlands
4227,Argentina,Croatia,Canada
4228,Japan,France,Spain
4229,Spain,Argentina,Netherlands
4230,Netherlands,Argentina,United States
4231,England,Senegal,Argentina
4232,Argentina,Morocco,Portugal
4233,Germany,Brazil,Spain
4234,Netherlands,Argentina,Norway
4235,Mexico,France,Colombia
4236,Mexico,Spain,Algeria
4237,Spain,Argentina,France
4238,Argentina,Portugal,Ecuador
4239,Ivory Coast,Netherlands,Portugal
4240,Colombia,Germany,Croatia
4241,Spain,Japan,Netherlands
4242,Norway,Bosnia-Herzegovina,Australia
4243,France,Japan,Portugal
4244,Spain,England,France
4245,United States,Norway,Paraguay
4246,England,Croatia,Colombia
4247,Brazil,France,United States
4248,Netherlands,Ivory Coast,Switzerland
4249,Ghana,United States,France
4250,Brazil,Senegal,France
4251,Argentina,Spain,Ecuador
4252,Argentina,Netherlands,Ecuador
4253,Argentina,Spain,Japan
4254,Belgium,Australia,Canada
4255,Portugal,Colombia,Japan
4256,Argentina,France,Belgium
4257,England,Morocco,Spain
4258,Algeria,Germany,Brazil
4259,France,Egypt,Mexico
4260,Canada,Ecuador,Spain
4261,England,Morocco,Portugal
4262,England,France,Argentina
4263,Colombia,Germany,Senegal
4264,England,Portugal,France
4265,Portugal,Australia,France
4266,Congo DR,Croatia,Algeria
4267,Argentina,Germany,Japan
4268,Switzerland,Canada,United States
4269,England,Portugal,Netherlands
4270,England,Austria,Switzerland
4271,Mexico,Senegal,Argentina
4272,Portugal,Norway,France
4273,Spain,Ivory Coast,France
4274,Australia,France,Senegal
4275,Norway,Paraguay,Argentina
4276,France,Norway,Croatia
4277,France,Algeria,Portugal
4278,Brazil,Austria,France
4279,France,England,Croatia
4280,Spain,Norway,France
4281,England,Portugal,Switzerland
4282,Brazil,Spain,Algeria
4283,Spain,Australia,Netherlands
4284,Germany,Ivory Coast,Switzerland
4285,England,Spain,Egypt
4286,Belgium,Colombia,France
4287,Spain,Brazil,France
4288,Spain,England,Ghana
4289,Netherlands,Japan,Australia
4290,Mexico,Austria,Germany
4291,France,Brazil,Colombia
4292,France,Brazil,Argentina
4293,Japan,Germany,Spain
4294,France,Argentina,Portugal
4295,France,Japan,Croatia
4296,France,Argentina,Brazil
4297,Croatia,England,Argentina
4298,Argentina,France,Spain
4299,Morocco,England,Croatia
4300,Argentina,Morocco,Spain
4301,Argentina,United States,Japan
4302,France,England,Argentina
4303,Belgium,Switzerland,Netherlands
4304,Ivory Coast,Netherlands,Argentina
4305,Senegal,Mexico,Argentina
4306,Portugal,England,Egypt
4307,England,Germany,Algeria
4308,Argentina,France,United States
4309,France,England,Senegal
4310,Brazil,Canada,Portugal
4311,Spain,Mexico,Morocco
4312,Algeria,Bosnia-Herzegovina,Mexico
4313,Belgium,Mexico,Germany
4314,Belgium,Colombia,Germany
4315,Argentina,Germany,Spain
4316,Ivory Coast,Morocco,Spain
4317,Netherlands,Colombia,England
4318,Netherlands,Japan,Switzerland
4319,Argentina,Netherlands,England
4320,Colombia,Morocco,Mexico
4321,Argentina,Portugal,Netherlands
4322,France,Switzerland,England
4323,Argentina,Austria,Brazil
4324,Belgium,Brazil,Argentina
4325,France,Japan,Egypt
4326,Brazil,Portugal,Argentina
4327,Argentina,Portugal,France
4328,England,Portugal,Colombia
4329,Germany,Argentina,United States
4330,France,Japan,Argentina
4331,Brazil,United States,France
4332,Argentina,Senegal,England
4333,Argentina,Sweden,Spain
4334,France,Colombia,Portugal
4335,Portugal,Argentina,Netherlands
4336,Germany,Japan,Australia
4337,Spain,Mexico,Colombia
4338,Argentina,France,Spain
4339,Argentina,Belgium,Mexico
4340,Norway,Portugal,Ghana
4341,Argentina,France,England
4342,Spain,Norway,Colombia
4343,Ghana,Belgium,England
4344,Portugal,Mexico,Canada
4345,Argentina,France,Spain
4346,France,Mexico,Spain
4347,Switzerland,Austria,France
4348,England,United States,France
4349,Spain,Colombia,England
4350,France,Switzerland,Ivory Coast
4351,England,United States,Australia
4352,Argentina,France,Ivory Coast
4353,England,Germany,Belgium
4354,England,Morocco,Portugal
4355,Spain,Colombia,Mexico
4356,England,Croatia,Netherlands
4357,Sweden,Australia,England
4358,Spain,Argentina,France
4359,Cape Verde Islands,France,Spain
4360,Spain,Japan,Germany
4361,Spain,England,Argentina
4362,Senegal,Japan,Germany
4363,Brazil,United States,Egypt
4364,Spain,England,Canada
4365,England,Netherlands,Argentina
4366,Argentina,Morocco,Norway
4367,Croatia,Ecuador,Argentina
4368,France,Argentina,United States
4369,United States,Argentina,Japan
4370,Brazil,Sweden,Colombia
4371,Canada,Egypt,Ecuador
4372,Colombia,Belgium,Mexico
4373,France,Argentina,Belgium
4374,France,Colombia,Norway
4375,England,Spain,France
4376,France,Algeria,Croatia
4377,England,Spain,Germany
4378,Netherlands,Japan,Spain
4379,France,Ivory Coast,Algeria
4380,Germany,England,Switzerland
4381,Colombia,Portugal,Japan
4382,France,Argentina,Spain
4383,Spain,Colombia,England
4384,Spain,Switzerland,Norway
4385,Argentina,Austria,Ecuador
4386,Netherlands,Colombia,United States
4387,Spain,Brazil,Australia
4388,Japan,Senegal,France
4389,France,England,Argentina
4390,England,France,Belgium
4391,Brazil,France,Spain
4392,France,Algeria,Japan
4393,Japan,Belgium,Algeria
4394,France,Australia,Belgium
4395,France,England,Spain
4396,Spain,Argentina,France
4397,France,Brazil,Spain
4398,England,Spain,Canada
4399,Senegal,Mexico,Argentina
4400,United States,Colombia,Morocco
4401,Netherlands,Switzerland,Mexico
4402,Argentina,France,Croatia
4403,Mexico,Spain,Switzerland
4404,Brazil,France,Algeria
4405,Argentina,France,Brazil
4406,France,Egypt,Portugal
4407,France,Argentina,Croatia
4408,Senegal,Egypt,Canada
4409,England,Belgium,France
4410,Portugal,Japan,Colombia
4411,Japan,Germany,Portugal
4412,Ivory Coast,Netherlands,Spain
4413,Spain,England,Netherlands
4414,Spain,England,Canada
4415,France,Ecuador,Spain
4416,France,Argentina,Brazil
4417,Argentina,Belgium,England
4418,Germany,England,Argentina
4419,Egypt,Senegal,Mexico
4420,Ivory Coast,Belgium,Argentina
4421,Ecuador,Spain,Sweden
4422,Portugal,Argentina,Mexico
4423,France,Argentina,Portugal
4424,Belgium,Colombia,England
4425,Argentina,Spain,France
4426,France,Colombia,Congo DR
4427,England,Spain,France
4428,Spain,Ecuador,Argentina
4429,France,Ivory Coast,Egypt
4430,Brazil,Paraguay,Spain
4431,Japan,Canada,Cape Verde Islands
4432,Germany,Argentina,Brazil
4433,Argentina,Spain,Brazil
4434,France,Norway,Egypt
4435,Netherlands,England,Argentina
4436,Japan,Spain,Algeria
4437,Germany,Mexico,Portugal
4438,Argentina,Canada,England
4439,Spain,Ivory Coast,Netherlands
4440,Morocco,Brazil,Colombia
4441,Argentina,Portugal,Japan
4442,France,England,Argentina
4443,France,Brazil,Portugal
4444,United States,Colombia,Netherlands
4445,Argentina,Germany,Belgium
4446,England,Morocco,Spain
4447,Belgium,Argentina,Japan
4448,Brazil,Senegal,France
4449,Spain,Japan,Argentina
4450,Argentina,Senegal,Norway
4451,Bosnia-Herzegovina,Colombia,Mexico
4452,Argentina,Germany,Mexico
4453,Argentina,Morocco,Brazil
4454,Germany,England,Colombia
4455,Canada,Mexico,Egypt
4456,Spain,Ghana,Paraguay
4457,France,England,Belgium
4458,France,Switzerland,Ecuador
4459,Senegal,Colombia,Japan
4460,France,Argentina,Brazil
4461,Mexico,France,Belgium
4462,France,Switzerland,England
4463,France,Brazil,Spain
4464,Germany,England,Argentina
4465,England,Morocco,Colombia
4466,Argentina,Croatia,Brazil
4467,France,Ivory Coast,Croatia
4468,Brazil,France,Belgium
4469,Argentina,Croatia,Brazil
4470,England,Spain,France
4471,Belgium,Colombia,Norway
4472,Brazil,Portugal,Morocco
4473,Canada,Norway,Senegal
4474,Argentina,France,Belgium
4475,England,Senegal,Colombia
4476,Brazil,Netherlands,Egypt
4477,Croatia,Egypt,Brazil
4478,Germany,England,Austria
4479,Brazil,Belgium,Argentina
4480,Australia,Spain,Germany
4481,England,Netherlands,Colombia
4482,Argentina,Canada,Portugal
4483,Argentina,Sweden,Belgium
4484,Belgium,Switzerland,Norway
4485,France,Egypt,Belgium
4486,Portugal,Australia,Paraguay
4487,Spain,Australia,Sweden
4488,Mexico,Sweden,Argentina
4489,Brazil,France,Switzerland
4490,Canada,Argentina,United States
4491,Germany,Ivory Coast,Argentina
4492,Spain,Argentina,Germany
4493,Belgium,Brazil,Canada
4494,Netherlands,Egypt,Spain
4495,Netherlands,Argentina,Japan
4496,Argentina,Germany,Japan
4497,Argentina,Netherlands,Spain
4498,Spain,England,Paraguay
4499,Netherlands,Switzerland,Spain
4500,France,England,Argentina
4501,England,Morocco,Argentina
4502,Sweden,Switzerland,Mexico
4503,Australia,Portugal,Brazil
4504,Belgium,Argentina,Mexico
4505,Australia,Spain,Congo DR
4506,Spain,England,Algeria
4507,Morocco,Brazil,Australia
4508,Sweden,Argentina,Norway
4509,England,Portugal,Netherlands
4510,Portugal,Switzerland,Ecuador
4511,Brazil,Morocco,Croatia
4512,Ecuador,Spain,France
4513,Argentina,France,Spain
4514,Japan,Netherlands,Belgium
4515,England,France,Belgium
4516,Canada,Japan,Spain
4517,Germany,Ivory Coast,Switzerland
4518,Germany,Ivory Coast,Spain
4519,Egypt,Germany,Brazil
4520,Brazil,Morocco,Belgium
4521,France,Colombia,Japan
4522,France,Switzerland,Senegal
4523,Spain,Switzerland,Ivory Coast
4524,Mexico,France,United States
4525,Netherlands,Argentina,Belgium
4526,Brazil,France,Argentina
4527,Argentina,France,Belgium
4528,Argentina,United States,France
4529,Spain,Australia,Netherlands
4530,Germany,Argentina,Brazil
4531,France,Switzerland,Spain
4532,Brazil,Germany,Argentina
4533,Mexico,Germany,Belgium
4534,Netherlands,Japan,Portugal
4535,France,Argentina,Belgium
4536,Argentina,Portugal,France
4537,Ghana,Belgium,France
4538,Spain,Japan,France
4539,Algeria,Netherlands,Portugal
4540,Argentina,Croatia,France
4541,Spain,Colombia,France
4542,Argentina,Spain,France
4543,Argentina,United States,Netherlands
4544,England,United States,Colombia
4545,England,France,Colombia
4546,Colombia,Canada,United States
4547,Belgium,Japan,Netherlands
4548,Portugal,Switzerland,Netherlands
4549,Portugal,Ivory Coast,Argentina
4550,Argentina,Belgium,France
4551,Sweden,England,Switzerland
4552,England,Germany,United States
4553,Netherlands,Switzerland,Austria
4554,England,France,Switzerland
4555,Spain,Norway,Colombia
4556,France,Argentina,England
4557,France,Argentina,United States
4558,Spain,England,Algeria
4559,Brazil,Austria,Colombia
4560,Argentina,Spain,France
4561,Colombia,Morocco,Norway
4562,Canada,Mexico,Switzerland
4563,Spain,Argentina,Netherlands
4564,Morocco,England,Colombia
4565,England,Portugal,Paraguay
4566,Portugal,Switzerland,France
4567,Spain,Mexico,Colombia
4568,Brazil,Portugal,Egypt
4569,France,Argentina,Portugal
4570,Japan,Canada,Argentina
4571,Colombia,Portugal,Germany
4572,Argentina,United States,France
4573,Colombia,France,England
4574,Germany,Argentina,Portugal
4575,Portugal,Brazil,Colombia
4576,France,Argentina,Austria
4577,France,Mexico,Argentina
4578,England,France,Portugal
4579,England,Germany,Belgium
4580,Morocco,Ivory Coast,United States
4581,England,Spain,Switzerland
4582,Netherlands,Mexico,Egypt
4583,Argentina,Canada,Spain
4584,Argentina,Netherlands,Croatia
4585,Spain,Japan,France
4586,France,Argentina,Senegal
4587,France,Brazil,Portugal
4588,France,Norway,Argentina
4589,Spain,Norway,Paraguay
4590,France,Argentina,United States
4591,Germany,Egypt,England
4592,Japan,Spain,Argentina
4593,Croatia,Argentina,Mexico
4594,Argentina,United States,England
4595,Portugal,Brazil,Sweden
4596,England,Netherlands,United States
4597,Australia,Spain,England
4598,Colombia,France,Ivory Coast
4599,Morocco,Colombia,Senegal
4600,France,Colombia,England
4601,Netherlands,Colombia,Brazil
4602,Japan,Spain,Argentina
4603,Argentina,Senegal,England
4604,Spain,England,Netherlands
4605,Ivory Coast,France,Argentina
4606,Belgium,Colombia,Ecuador
4607,France,England,Egypt
4608,Germany,Argentina,Portugal
4609,Argentina,Belgium,France
4610,Argentina,Portugal,Netherlands
4611,Belgium,England,Colombia
4612,Switzerland,Canada,Spain
4613,Germany,England,Colombia
4614,Spain,Norway,France
4615,Netherlands,Ivory Coast,Ghana
4616,Spain,Argentina,Japan
4617,Spain,Brazil,France
4618,Algeria,France,Belgium
4619,Japan,France,Portugal
4620,Germany,Algeria,England
4621,Argentina,Spain,Brazil
4622,Colombia,Netherlands,Portugal
4623,Spain,Ivory Coast,Canada
4624,England,Morocco,United States
4625,Brazil,Spain,Switzerland
4626,France,Norway,Algeria
4627,Belgium,Australia,Ecuador
4628,England,Senegal,Algeria
4629,Spain,Mexico,Argentina
4630,Argentina,Belgium,France
4631,France,Colombia,Brazil
4632,England,Spain,Netherlands
4633,Egypt,Belgium,France
4634,Mexico,United States,Sweden
4635,Croatia,Ghana,Netherlands
4636,Netherlands,Argentina,Mexico
4637,Argentina,Netherlands,Senegal
4638,France,Norway,Argentina
4639,Spain,England,Morocco
4640,Mexico,Germany,Spain
4641,Netherlands,Switzerland,United States
4642,Colombia,Senegal,Japan
4643,Colombia,France,Spain
4644,Spain,Australia,England
4645,England,Morocco,Belgium
4646,Ivory Coast,Spain,Argentina
4647,Canada,Argentina,Belgium
4648,England,Spain,Netherlands
4649,Germany,Mexico,Switzerland
4650,France,Argentina,Brazil
4651,France,Japan,Australia
4652,Colombia,France,England
4653,France,Mexico,Algeria
4654,Mexico,Canada,Spain
4655,Ivory Coast,Netherlands,Spain
4656,Canada,Switzerland,Spain
4657,England,Portugal,France
4658,Portugal,Australia,France
4659,Brazil,United States,Germany
4660,Belgium,Switzerland,Netherlands
4661,Croatia,Ecuador,France
4662,Argentina,Spain,Mexico
4663,France,Mexico,Senegal
4664,Netherlands,Brazil,Ghana
4665,Spain,Brazil,Argentina
4666,France,England,Switzerland
4667,Colombia,Canada,Spain
4668,France,Argentina,Spain
4669,France,Colombia,Portugal
4670,France,Argentina,Spain
4671,Switzerland,Netherlands,Senegal
4672,Belgium,Norway,Germany
4673,France,Ecuador,Australia
4674,Argentina,Spain,England
4675,Belgium,Australia,Morocco
4676,Canada,Mexico,Spain
4677,Argentina,France,Belgium
4678,Spain,England,Morocco
4679,Netherlands,Colombia,England
4680,Algeria,Netherlands,Norway
4681,Argentina,United States,Morocco
4682,England,France,United States
4683,France,Ecuador,Argentina
4684,Brazil,Croatia,Argentina
4685,Algeria,Morocco,Japan
4686,England,Paraguay,Argentina
4687,England,France,Argentina
4688,France,Ecuador,Argentina
4689,Germany,Argentina,Japan
4690,Paraguay,Norway,Spain
4691,Argentina,France,Belgium
4692,United States,England,France
4693,France,England,Ghana
4694,Croatia,Japan,Switzerland
4695,Argentina,France,Belgium
4696,Netherlands,Ivory Coast,Spain
4697,Canada,Brazil,Colombia
4698,England,Senegal,Canada
4699,Austria,Argentina,France
4700,Colombia,France,England
4701,Netherlands,Argentina,Portugal
4702,Argentina,France,England
4703,Spain,Brazil,Germany
4704,Spain,Japan,Germany
4705,Switzerland,Senegal,France
4706,Spain,Colombia,France
4707,Netherlands,Argentina,Japan
4708,England,United States,Switzerland
4709,Portugal,Mexico,Germany
4710,Argentina,Sweden,Austria
4711,Norway,France,Argentina
4712,England,Portugal,Argentina
4713,Morocco,England,Belgium
4714,France,Colombia,Japan
4715,Argentina,France,Brazil
4716,Argentina,France,Belgium
4717,England,France,Croatia
4718,Spain,Ecuador,France
4719,Spain,Norway,Argentina
4720,Argentina,Germany,Ivory Coast
4721,United States,Norway,Morocco
4722,Argentina,Netherlands,Portugal
4723,France,Colombia,Croatia
4724,Argentina,Netherlands,Belgium
4725,Spain,Colombia,Brazil
4726,France,Argentina,Mexico
4727,Argentina,Belgium,Japan
4728,Colombia,France,Spain
4729,Congo DR,Portugal,Switzerland
4730,France,Colombia,Spain
4731,Austria,Colombia,Brazil
4732,Norway,Spain,Germany
4733,Argentina,France,Japan
4734,France,Japan,Austria
4735,Mexico,France,Argentina
4736,Canada,Argentina,Norway
4737,Argentina,Belgium,France
4738,Argentina,Spain,Mexico
4739,Germany,Brazil,Spain
4740,Senegal,England,France
4741,Japan,Spain,Colombia
4742,France,England,Argentina
4743,Portugal,Colombia,Canada
4744,Netherlands,Norway,Croatia
4745,Argentina,France,Belgium
4746,Colombia,Portugal,France
4747,France,Norway,Algeria
4748,Belgium,Argentina,Morocco
4749,France,Switzerland,Senegal
4750,Morocco,Argentina,Spain
4751,Australia,Senegal,England
4752,Mexico,Germany,Croatia
4753,Spain,Colombia,Brazil
4754,Argentina,Belgium,Morocco
4755,Belgium,Ecuador,Argentina
4756,France,Switzerland,Spain
4757,Ecuador,Sweden,Spain
4758,Colombia,Sweden,Portugal
4759,Brazil,Germany,Egypt
4760,Norway,Spain,Sweden
4761,Ivory Coast,France,Belgium
4762,France,England,Belgium
4763,Colombia,Portugal,Germany
4764,Ivory Coast,Germany,Belgium
4765,England,Netherlands,Argentina
4766,Ecuador,Canada,Egypt
4767,Argentina,Morocco,Brazil
4768,Brazil,Spain,France
4769,Senegal,Argentina,France
4770,Argentina,United States,Morocco
4771,Brazil,Canada,Portugal
4772,France,Brazil,Croatia
4773,Switzerland,Paraguay,Mexico
4774,England,Spain,France
4775,Argentina,Croatia,Germany
4776,Australia,Germany,Spain
4777,Brazil,Spain,Argentina
4778,France,Algeria,Portugal
4779,Switzerland,France,Portugal
4780,England,Croatia,Netherlands
4781,Argentina,Spain,France
4782,France,England,Spain
4783,France,Colombia,Bosnia-Herzegovina
4784,France,Japan,Croatia
4785,Germany,Argentina,Norway
4786,Colombia,Spain,Brazil
4787,United States,Algeria,Germany
4788,France,Japan,Switzerland
4789,Colombia,Belgium,Canada
4790,Belgium,Mexico,Germany
4791,France,Argentina,Spain
4792,Brazil,France,Egypt
4793,England,Belgium,Colombia
4794,Netherlands,Argentina,Norway
4795,Morocco,Australia,Belgium
4796,Portugal,Argentina,Brazil
4797,United States,Algeria,France
4798,Mexico,Austria,France
4799,Ghana,Netherlands,Norway
4800,Argentina,Netherlands,England
4801,Japan,Spain,Argentina
4802,Argentina,Belgium,Netherlands
4803,Argentina,Belgium,England
4804,Spain,Argentina,Netherlands
4805,Germany,Brazil,Switzerland
4806,Mexico,Spain,Netherlands
4807,Colombia,Belgium,Germany
4808,Argentina,Germany,Portugal
4809,Morocco,Japan,Portugal
4810,Mexico,Morocco,Australia
4811,France,England,Colombia
4812,Senegal,Japan,Canada
4813,United States,England,Canada
4814,Japan,Austria,Canada
4815,Morocco,Brazil,Colombia
4816,France,Argentina,Japan
4817,Algeria,Spain,England
4818,England,Morocco,Bosnia-Herzegovina
4819,Portugal,Japan,Algeria
4820,Switzerland,Portugal,France
4821,Ivory Coast,Croatia,Colombia
4822,Colombia,France,Austria
4823,Netherlands,Colombia,Norway
4824,Belgium,England,Switzerland
4825,Japan,France,Belgium
4826,Algeria,Senegal,Brazil
4827,Senegal,Argentina,Netherlands
4828,Belgium,Brazil,Argentina
4829,England,Netherlands,Spain
4830,France,England,Belgium
4831,Sweden,Algeria,United States
4832,Senegal,Brazil,Sweden
4833,Colombia,Portugal,Morocco
4834,Spain,Japan,France
4835,Spain,England,Germany
4836,Germany,England,Argentina
4837,Croatia,Ecuador,Egypt
4838,Netherlands,Ivory Coast,United States
4839,Algeria,Spain,Brazil
4840,England,Netherlands,Argentina
4841,Egypt,Austria,Canada
4842,France,England,United States
4843,England,Spain,Argentina
4844,Spain,Argentina,Brazil
4845,Brazil,Morocco,Spain
4846,Spain,Egypt,Japan
4847,Croatia,Switzerland,France
4848,Spain,Brazil,Morocco
4849,England,Netherlands,Belgium
4850,Argentina,Germany,Austria
4851,Portugal,Ivory Coast,Argentina
4852,Japan,France,Switzerland
4853,England,Spain,Canada
4854,Japan,France,Egypt
4855,England,France,Switzerland
4856,England,Morocco,Colombia
4857,Portugal,England,Ghana
4858,Argentina,Belgium,Germany
4859,England,Spain,France
4860,Spain,Argentina,Mexico
4861,Brazil,Belgium,Morocco
4862,Portugal,Ecuador,France
4863,Spain,Japan,Switzerland
4864,Argentina,Spain,France
4865,Japan,Canada,Belgium
4866,Argentina,France,Spain
4867,Argentina,Netherlands,Norway
4868,France,Argentina,Brazil
4869,Belgium,Switzerland,France
4870,Belgium,Argentina,Netherlands
4871,France,Cape Verde Islands,Spain
4872,Spain,Norway,Germany
4873,Spain,Japan,France
4874,England,Spain,France
4875,Mexico,United States,Colombia
4876,Ivory Coast,Croatia,Switzerland
4877,England,France,Belgium
4878,Canada,Colombia,United States
4879,England,Netherlands,Belgium
4880,Brazil,Germany,Austria
4881,United States,Argentina,Ivory Coast
4882,England,Spain,Germany
4883,Portugal,Switzerland,Germany
4884,France,Switzerland,Brazil
4885,England,Netherlands,Australia
4886,Germany,England,Argentina
4887,Argentina,France,Mexico
4888,Netherlands,Argentina,Norway
4889,Croatia,Norway,Morocco
4890,Belgium,Egypt,France
4891,Croatia,Argentina,Ivory Coast
4892,England,Spain,Canada
4893,France,Brazil,Colombia
4894,Colombia,Spain,Canada
4895,Germany,Ecuador,Argentina
4896,Spain,Argentina,Netherlands
4897,France,Mexico,Argentina
4898,Ecuador,Belgium,France
4899,United States,England,Colombia
4900,France,Norway,Portugal
4901,Germany,Argentina,Mexico
4902,Argentina,Canada,England
4903,France,England,Belgium
4904,Spain,Australia,Ivory Coast
4905,Argentina,France,Spain
4906,Brazil,Spain,Netherlands
4907,Spain,Colombia,England
4908,England,Netherlands,Argentina
4909,Brazil,Croatia,Germany
4910,France,Ecuador,Argentina
4911,France,Argentina,England
4912,France,Switzerland,Mexico
4913,United States,Australia,Norway
4914,France,Colombia,England
4915,France,Brazil,Spain
4916,England,Sweden,Algeria
4917,Brazil,Netherlands,Switzerland
4918,Argentina,United States,Paraguay
4919,Argentina,Croatia,Morocco
4920,Spain,Switzerland,Ivory Coast
4921,Spain,Argentina,Brazil
4922,France,Australia,Belgium
4923,Spain,Colombia,Morocco
4924,France,Switzerland,England
4925,Japan,Belgium,France
4926,Brazil,France,Portugal
4927,Argentina,France,Belgium
4928,England,Netherlands,Bosnia-Herzegovina
4929,Japan,Portugal,Netherlands
4930,Portugal,England,Netherlands
4931,Spain,Ivory Coast,Netherlands
4932,Argentina,Morocco,England
4933,Japan,Spain,Argentina
4934,Japan,France,Switzerland
4935,Colombia,Spain,France
4936,Ivory Coast,Portugal,Netherlands
4937,Argentina,Portugal,England
4938,Norway,Netherlands,Spain
4939,Germany,Norway,Algeria
4940,Argentina,Croatia,Mexico
4941,Spain,Argentina,France
4942,Argentina,Morocco,Mexico
4943,Spain,Argentina,Brazil
4944,Argentina,Germany,England
4945,England,France,Argentina
4946,Colombia,Netherlands,Brazil
4947,Spain,Brazil,Morocco
4948,France,Argentina,Spain
4949,France,Colombia,Spain
4950,Canada,Argentina,Mexico
4951,Argentina,Netherlands,Brazil
4952,Netherlands,England,Argentina
4953,Argentina,Spain,Morocco
4954,France,England,Spain
4955,England,Morocco,Spain
4956,France,Norway,Algeria
4957,France,Ivory Coast,Senegal
4958,Spain,England,France
4959,Argentina,France,Portugal
4960,Argentina,Portugal,Ivory Coast
4961,Argentina,France,Belgium
4962,Argentina,Spain,France
4963,Austria,Algeria,Norway
4964,Norway,Belgium,Morocco
4965,Germany,Brazil,United States
4966,Argentina,Portugal,Ivory Coast
4967,Netherlands,Colombia,Belgium
4968,Argentina,France,England
4969,Netherlands,Colombia,Mexico
4970,Brazil,Canada,Switzerland
4971,Spain,Argentina,France
4972,Canada,England,Argentina
4973,Portugal,Japan,Argentina
4974,France,Switzerland,United States
4975,France,Mexico,Portugal
4976,Germany,Australia,Brazil
4977,France,Brazil,Colombia
4978,France,Congo DR,Argentina
4979,Germany,Argentina,Brazil
4980,England,France,Belgium
4981,France,Mexico,Egypt
4982,France,Argentina,Spain
4983,Netherlands,England,Colombia
4984,Spain,Australia,France
4985,Portugal,Brazil,Argentina
4986,France,Argentina,Japan
4987,Argentina,France,Brazil
4988,Germany,Ivory Coast,Argentina
4989,England,France,United States
4990,Colombia,Spain,England
4991,France,Argentina,England
4992,Argentina,Germany,Spain
4993,England,France,Portugal
4994,Argentina,Spain,France
4995,Belgium,Argentina,France
4996,Mexico,Netherlands,United States
4997,Argentina,Netherlands,England
4998,Spain,Switzerland,France
4999,Morocco,Argentina,Ecuador
5000,Spain,Mexico,Egypt
5001,Belgium,Ecuador,Colombia
5002,Spain,Mexico,Argentina
5003,Colombia,Spain,France
5004,Colombia,Canada,United States
5005,Colombia,Belgium,Paraguay
5006,Brazil,Austria,Netherlands
5007,Spain,Switzerland,Japan
5008,Morocco,Argentina,Bosnia-Herzegovina
5009,Argentina,France,Spain
5010,France,Mexico,Belgium
5011,Canada,Japan,Argentina
5012,France,Japan,Spain
5013,England,Paraguay,Algeria
5014,Japan,Spain,Australia
5015,Germany,Argentina,Japan
5016,Argentina,Austria,Japan
5017,France,England,Colombia
5018,Brazil,Croatia,Germany
5019,Austria,Argentina,Mexico
5020,Morocco,Japan,Belgium
5021,Brazil,Canada,Austria
5022,United States,Japan,France
5023,Belgium,Argentina,England
5024,Spain,Argentina,France
5025,Argentina,Morocco,Brazil
5026,Argentina,France,Spain
5027,Morocco,Japan,Spain
5028,Argentina,Spain,Germany
5029,Portugal,Argentina,France
5030,Portugal,Ivory Coast,Argentina
5031,Colombia,France,Senegal
5032,France,Argentina,Japan
5033,Ivory Coast,Belgium,Egypt
5034,France,Brazil,Spain
5035,Argentina,France,Portugal
5036,Mexico,Austria,Paraguay
5037,Morocco,Norway,Portugal
5038,Argentina,Belgium,England
5039,Colombia,France,Senegal
5040,Bosnia-Herzegovina,England,France
5041,Germany,England,Belgium
5042,Argentina,Morocco,Senegal
5043,France,Mexico,Belgium
5044,Argentina,Germany,Belgium
5045,England,United States,Argentina
5046,Argentina,Canada,Spain
5047,Belgium,England,Netherlands
5048,Australia,Portugal,Mexico
5049,Canada,Argentina,Spain
5050,Morocco,Norway,Argentina
5051,Spain,Argentina,Japan
5052,Spain,Colombia,Germany
5053,Netherlands,Algeria,Austria
5054,England,United States,Argentina
5055,Argentina,Spain,Brazil
5056,France,Colombia,Mexico
5057,France,Argentina,Belgium
5058,Morocco,Egypt,Japan
5059,England,Netherlands,Portugal
5060,Egypt,United States,Germany
5061,Mexico,Croatia,France
5062,Argentina,Morocco,Ecuador
5063,Spain,Colombia,Germany
5064,Spain,Argentina,Germany
5065,France,Japan,Argentina
5066,Japan,Belgium,France
5067,England,Germany,Austria
5068,Argentina,Morocco,England
5069,Ecuador,Spain,Netherlands
5070,Argentina,Morocco,Portugal
5071,Portugal,Argentina,France
5072,France,England,Argentina
5073,France,Egypt,Spain
5074,Morocco,Japan,Colombia
5075,Spain,Mexico,Colombia
5076,Norway,France,Switzerland
5077,Colombia,Spain,Germany
5078,France,Argentina,Austria
5079,England,Spain,Colombia
5080,Spain,England,France
5081,England,Canada,Belgium
5082,United States,England,Canada
5083,Colombia,Morocco,Mexico
5084,Brazil,France,Argentina
5085,Senegal,Argentina,Germany
5086,Spain,Argentina,Netherlands
5087,Japan,Spain,Egypt
5088,Portugal,Argentina,Morocco
5089,Spain,Ivory Coast,Switzerland
5090,Spain,Argentina,England
5091,Algeria,France,Portugal
5092,Austria,Brazil,Morocco
5093,France,Switzerland,England
5094,Spain,Egypt,Germany
5095,Portugal,Argentina,Mexico
5096,Argentina,France,United States
5097,France,England,Belgium
5098,France,Argentina,Austria
5099,England,France,Senegal
5100,Argentina,Senegal,Ivory Coast
5101,Argentina,Spain,Mexico
5102,Croatia,Colombia,Netherlands
5103,Portugal,England,Argentina
5104,England,France,Spain
5105,France,Argentina,Belgium
5106,France,Ecuador,Egypt
5107,Ivory Coast,France,Portugal
5108,Japan,Belgium,Canada
5109,England,Belgium,Morocco
5110,Norway,Spain,Morocco
5111,Sweden,England,Argentina
5112,Austria,Brazil,France
5113,Mexico,Portugal,Switzerland
5114,Argentina,Germany,Austria
5115,Portugal,Argentina,France
5116,Argentina,Paraguay,Ivory Coast
5117,Japan,Spain,Germany
5118,Spain,Algeria,Germany
5119,Egypt,Portugal,Canada
5120,Spain,Colombia,Netherlands
5121,France,Colombia,Mexico
5122,Australia,Senegal,Ecuador
5123,Mexico,Sweden,Portugal
5124,Spain,Colombia,Netherlands
5125,England,Canada,Argentina
5126,Argentina,France,England
5127,Argentina,France,Portugal
5128,England,Canada,Argentina
5129,United States,Japan,Netherlands
5130,Sweden,Colombia,Senegal
5131,Germany,Japan,Spain
5132,Spain,Argentina,England
5133,Spain,Japan,Argentina
5134,Netherlands,Norway,Argentina
5135,Australia,France,Ecuador
5136,Portugal,Egypt,Netherlands
5137,Brazil,Morocco,Belgium
5138,Japan,Belgium,Germany
5139,Portugal,Argentina,Sweden
5140,Spain,Argentina,Japan
5141,Morocco,Brazil,Colombia
5142,Argentina,Belgium,Japan
5143,Brazil,Senegal,Colombia
5144,France,Egypt,Norway
5145,Argentina,France,Brazil
5146,Portugal,Switzerland,Mexico
5147,England,France,Colombia
5148,Spain,Argentina,Japan
5149,Argentina,France,England
5150,Spain,Argentina,Germany
5151,Canada,Algeria,England
5152,Spain,England,Colombia
5153,Morocco,Australia,England
5154,Argentina,Austria,France
5155,Spain,Colombia,Netherlands
5156,England,Germany,Spain
5157,England,Netherlands,Egypt
5158,France,Japan,Argentina
5159,Germany,Japan,Colombia
5160,Ivory Coast,Paraguay,Switzerland
5161,Brazil,Spain,Canada
5162,Spain,Japan,Switzerland
5163,Belgium,Mexico,France
5164,Argentina,Austria,Germany
5165,Morocco,Argentina,Senegal
5166,France,England,Argentina
5167,Algeria,Sweden,Senegal
5168,Australia,Canada,Belgium
5169,Portugal,Brazil,Algeria
5170,Colombia,Spain,Paraguay
5171,France,Argentina,England
5172,Argentina,France,Spain
5173,France,England,Portugal
5174,Spain,Argentina,Brazil
5175,France,England,Argentina
5176,Japan,United States,Germany
5177,France,Mexico,Switzerland
5178,England,Senegal,Colombia
5179,Argentina,Netherlands,Spain
5180,Austria,England,Switzerland
5181,Canada,Switzerland,England
5182,Switzerland,Netherlands,Japan
5183,Brazil,Spain,France
5184,Argentina,Spain,France
5185,Argentina,Portugal,Netherlands
5186,Morocco,England,Senegal
5187,Argentina,Canada,England
5188,Croatia,England,Argentina
5189,France,Ecuador,Portugal
5190,Algeria,France,England
5191,Canada,England,Switzerland
5192,England,Spain,France
5193,England,Belgium,Canada
5194,Canada,England,Algeria
5195,Portugal,Argentina,Germany
5196,Senegal,Argentina,Brazil
5197,England,Netherlands,Egypt
5198,Netherlands,Brazil,Colombia
5199,Brazil,Spain,France
5200,Argentina,Canada,Spain
5201,Argentina,Germany,England
5202,Brazil,Germany,Austria
5203,Argentina,Spain,France
5204,England,Netherlands,Argentina
5205,Argentina,France,England
5206,Spain,England,France
5207,Portugal,Algeria,Ivory Coast
5208,Japan,Netherlands,Portugal
5209,France,Argentina,Spain
5210,Brazil,France,Belgium
5211,Algeria,Paraguay,Spain
5212,Brazil,Germany,Senegal
5213,Spain,Argentina,Ivory Coast
5214,France,Australia,United States
5215,Egypt,Morocco,Spain
5216,Argentina,Spain,England
5217,Argentina,Netherlands,England
5218,France,Colombia,Ivory Coast
5219,Spain,Argentina,Brazil
5220,Spain,Mexico,Germany
5221,Brazil,Netherlands,Argentina
5222,Argentina,Netherlands,Brazil
5223,Algeria,Netherlands,United States
5224,France,Argentina,Brazil
5225,France,Argentina,Austria
5226,Argentina,Spain,Ecuador
5227,France,Japan,Argentina
5228,Brazil,France,Spain
5229,Brazil,Portugal,Netherlands
5230,Netherlands,England,Spain
5231,Argentina,Portugal,Brazil
5232,Netherlands,Argentina,England
5233,Brazil,France,Spain
5234,Australia,Canada,England
5235,England,Spain,Colombia
5236,Brazil,Belgium,France
5237,France,Norway,Belgium
5238,Argentina,Canada,England
5239,Japan,Spain,Switzerland
5240,Argentina,Portugal,Japan
5241,Spain,Australia,Germany
5242,United States,Ghana,Brazil
5243,France,Mexico,Belgium
5244,Spain,Ghana,Canada
5245,Portugal,Argentina,Paraguay
5246,Brazil,Portugal,Germany
5247,Spain,Norway,Argentina
5248,Norway,Netherlands,Argentina
5249,Netherlands,England,Ghana
5250,Norway,France,Switzerland
5251,England,France,Portugal
5252,Belgium,Argentina,Brazil
5253,Spain,Ghana,France
5254,England,Morocco,Senegal
5255,England,Portugal,Algeria
5256,Spain,Argentina,Mexico
5257,England,Netherlands,Australia
5258,Japan,Austria,Netherlands
5259,United States,Australia,Mexico
5260,Brazil,Croatia,Netherlands
5261,France,Egypt,Mexico
5262,Morocco,Brazil,Portugal
5263,Brazil,Belgium,Canada
5264,England,Spain,France
5265,France,England,Spain
5266,Spain,Australia,Brazil
5267,Spain,Ghana,Japan
5268,Germany,Argentina,England
5269,Argentina,Paraguay,Japan
5270,Spain,Norway,Canada
5271,Brazil,Canada,Australia
5272,Argentina,Portugal,Mexico
5273,Argentina,Germany,United States
5274,Ecuador,France,Portugal
5275,Switzerland,Morocco,Brazil
5276,Argentina,United States,Canada
5277,Argentina,Germany,Ivory Coast
5278,France,Switzerland,United States
5279,England,Morocco,Colombia
5280,France,Mexico,Senegal
5281,France,Argentina,Spain
5282,Australia,Canada,Portugal
5283,Japan,Germany,United States
5284,Spain,Argentina,Germany
5285,Switzerland,France,Brazil
5286,Portugal,Switzerland,Japan
5287,Colombia,Germany,Japan
5288,Brazil,Spain,France
5289,Austria,Argentina,Mexico
5290,England,France,Portugal
5291,Mexico,Portugal,Morocco
5292,England,Belgium,Morocco
5293,Argentina,Germany,Spain
5294,Ivory Coast,Spain,France
5295,Morocco,Switzerland,England
5296,France,Mexico,United States
5297,Portugal,England,Germany
5298,France,Ivory Coast,Egypt
5299,France,Brazil,Senegal
5300,Netherlands,Switzerland,Spain
5301,Argentina,France,Spain
5302,Argentina,Spain,England
5303,England,Germany,Algeria
5304,Argentina,Spain,France
5305,Brazil,France,Spain
5306,United States,Argentina,Morocco
5307,Argentina,Portugal,England
5308,Austria,Colombia,Germany
5309,France,Argentina,Portugal
5310,Netherlands,Australia,Spain
5311,Argentina,Portugal,Canada
5312,France,Colombia,Brazil
5313,Belgium,Japan,Egypt
5314,Mexico,Netherlands,Croatia
5315,France,Australia,Spain
5316,Netherlands,Egypt,Spain
5317,Argentina,Morocco,Spain
5318,France,Argentina,Brazil
5319,Japan,Spain,Sweden
5320,England,Belgium,Argentina
5321,England,Senegal,Australia
5322,Switzerland,Canada,Belgium
5323,Argentina,United States,England
5324,England,Netherlands,Senegal
5325,Spain,Algeria,Brazil
5326,Netherlands,Colombia,Spain
5327,Germany,Argentina,Spain
5328,Argentina,Morocco,Bosnia-Herzegovina
5329,Morocco,Switzerland,England
5330,Argentina,Croatia,France
5331,Argentina,Belgium,Norway
5332,Portugal,Ecuador,Colombia
5333,England,Germany,Colombia
5334,Argentina,Austria,Sweden
5335,France,Australia,United States
5336,Argentina,Netherlands,England
5337,Ecuador,Croatia,Germany
5338,Belgium,Japan,Netherlands
5339,England,Germany,Argentina
5340,Argentina,Belgium,Japan
5341,United States,Norway,Netherlands
5342,Argentina,Spain,Netherlands
5343,Japan,Paraguay,Australia
5344,Senegal,England,Canada
5345,Spain,England,Argentina
5346,Argentina,Canada,Mexico
5347,Spain,Brazil,France
5348,Brazil,France,Spain
5349,Argentina,France,Spain
5350,Mexico,Portugal,Canada
5351,Portugal,Ivory Coast,Colombia
5352,Switzerland,Germany,Portugal
5353,France,England,Algeria
5354,Argentina,Austria,France
5355,Netherlands,Colombia,Brazil
5356,Morocco,England,Belgium
5357,Argentina,France,Spain
5358,Spain,Argentina,England
5359,Japan,Germany,United States
5360,United States,Mexico,France
5361,Argentina,France,Brazil
5362,France,Argentina,Belgium
5363,Argentina,Senegal,Japan
5364,Spain,Japan,Sweden
5365,France,England,Portugal
5366,Argentina,Spain,Japan
5367,France,Mexico,Spain
5368,Japan,Spain,Netherlands
5369,England,France,Spain
5370,Spain,Ecuador,France
5371,Switzerland,Senegal,Germany
5372,England,Spain,France
5373,France,Colombia,Brazil
5374,Spain,Switzerland,Japan
5375,France,England,Portugal
5376,Argentina,Spain,Ivory Coast
5377,Spain,Brazil,Morocco
5378,Portugal,Brazil,Germany
5379,Belgium,Colombia,England
5380,England,Portugal,France
5381,France,Australia,Spain
5382,France,England,Belgium
5383,United States,Ivory Coast,Canada
5384,England,United States,Colombia
5385,Portugal,Argentina,Japan
5386,Brazil,Portugal,Algeria
5387,England,Canada,United States
5388,Norway,Belgium,France
5389,France,Australia,Japan
5390,Netherlands,Japan,Senegal
5391,Colombia,Netherlands,Portugal
5392,Morocco,Japan,Colombia
5393,Japan,France,Portugal
5394,France,Argentina,Norway
5395,United States,Australia,Canada
5396,Argentina,Germany,Portugal
5397,Argentina,Belgium,England
5398,Brazil,Germany,Belgium
5399,Japan,Netherlands,United States
5400,France,Norway,Colombia
5401,France,Japan,Switzerland
5402,France,Argentina,Ivory Coast
5403,Argentina,United States,Germany
5404,England,United States,Netherlands
5405,Belgium,England,France
5406,France,Norway,Belgium
5407,Canada,Colombia,England
5408,Portugal,Brazil,Morocco
5409,France,Algeria,Spain
5410,Argentina,Spain,Germany
5411,Morocco,England,Portugal
5412,England,Austria,Argentina
5413,Norway,Portugal,France
5414,Algeria,France,Japan
5415,Argentina,Spain,Morocco
5416,Spain,Argentina,France
5417,England,Portugal,Egypt
5418,Australia,France,Ecuador
5419,Australia,Senegal,Germany
5420,England,Portugal,Argentina
5421,France,Ghana,Spain
5422,Belgium,Switzerland,Ivory Coast
5423,Brazil,Netherlands,Spain
5424,Germany,Egypt,Mexico
5425,Argentina,Spain,England
5426,Brazil,France,Argentina
5427,Morocco,Colombia,Portugal
5428,France,Argentina,Ivory Coast
5429,Switzerland,Germany,Portugal
5430,Switzerland,Spain,England
5431,Belgium,Argentina,Germany
5432,Argentina,France,Croatia
5433,Spain,England,Australia
5434,Mexico,France,Cape Verde Islands
5435,Argentina,Spain,Mexico
5436,England,Germany,Argentina
5437,Switzerland,Netherlands,Norway
5438,Argentina,Canada,United States
5439,Brazil,Portugal,Canada
5440,Spain,England,Argentina
5441,France,England,Spain
5442,Morocco,England,Belgium
5443,Brazil,Netherlands,United States
5444,France,Argentina,Belgium
5445,Spain,Colombia,Germany
5446,Ghana,Belgium,France
5447,Belgium,Japan,Argentina
5448,France,England,Spain
5449,England,France,Austria
5450,Netherlands,England,Croatia
5451,Japan,Portugal,Argentina
5452,Netherlands,Argentina,Portugal
5453,Argentina,Bosnia-Herzegovina,England
5454,Sweden,Ecuador,Senegal
5455,Morocco,Argentina,Spain
5456,Argentina,Germany,Belgium
5457,Spain,Australia,Morocco
5458,Argentina,Germany,England
5459,Portugal,Australia,Ivory Coast
5460,Spain,Brazil,France
5461,Belgium,Japan,Switzerland
5462,Argentina,Croatia,Morocco
5463,Portugal,Brazil,Australia
5464,Netherlands,England,Portugal
5465,Netherlands,Switzerland,Mexico
5466,England,Canada,Argentina
5467,Brazil,Spain,Egypt
5468,Spain,Argentina,Brazil
5469,Brazil,Spain,Paraguay
5470,Argentina,United States,England
5471,France,Argentina,Mexico
5472,Spain,Argentina,France
5473,England,Canada,Australia
5474,Germany,Argentina,Croatia
5475,Belgium,Egypt,Germany
5476,Brazil,France,Portugal
5477,Belgium,Ivory Coast,Germany
5478,Portugal,Norway,Canada
5479,France,Japan,Australia
5480,Belgium,Argentina,England
5481,Belgium,England,Sweden
5482,France,England,Belgium
5483,Mexico,United States,France
5484,Brazil,Netherlands,Spain
5485,Norway,Spain,Switzerland
5486,England,Netherlands,Argentina
5487,Germany,Colombia,Bosnia-Herzegovina
5488,Morocco,Norway,Colombia
5489,France,England,Argentina
5490,Brazil,Germany,Croatia
5491,Spain,Brazil,Switzerland
5492,Germany,Australia,Portugal
5493,France,Argentina,Brazil
5494,Argentina,France,Portugal
5495,Canada,Ivory Coast,Spain
5496,Morocco,Japan,Spain
5497,England,Netherlands,Austria
5498,France,Argentina,Spain
5499,France,Brazil,Spain
5500,Canada,Colombia,Spain
5501,France,Colombia,Belgium
5502,England,Spain,Argentina
5503,Mexico,Belgium,France
5504,France,Argentina,Spain
5505,Brazil,Portugal,Colombia
5506,Argentina,Germany,England
5507,Colombia,Senegal,Germany
5508,Spain,Mexico,France
5509,Belgium,Ghana,Netherlands
5510,Germany,Argentina,United States
5511,Belgium,Mexico,Colombia
5512,Belgium,Brazil,Argentina
5513,Belgium,Argentina,Ecuador
5514,Portugal,Algeria,Ecuador
5515,Argentina,Spain,France
5516,England,Netherlands,Portugal
5517,Argentina,United States,Ivory Coast
5518,Ecuador,France,Argentina
5519,Spain,Brazil,Colombia
5520,Japan,Germany,Portugal
5521,England,Netherlands,Portugal
5522,Argentina,France,England
5523,Brazil,Portugal,France
5524,England,Spain,France
5525,Australia,Croatia,Japan
5526,Morocco,England,Algeria
5527,Germany,Colombia,Norway
5528,France,Argentina,Brazil
5529,Brazil,Belgium,Australia
5530,England,Sweden,Austria
5531,Spain,Algeria,Japan
5532,Netherlands,Switzerland,Bosnia-Herzegovina
5533,Portugal,England,France
5534,Argentina,Croatia,England
5535,France,Argentina,Mexico
5536,Croatia,Argentina,Brazil
5537,France,Argentina,Spain
5538,Austria,Algeria,France
5539,Argentina,United States,Japan
5540,England,Netherlands,Austria
5541,Colombia,Spain,France
5542,England,Netherlands,Argentina
5543,Algeria,United States,Norway
5544,Norway,Portugal,Netherlands
5545,Brazil,France,Argentina
5546,Brazil,Austria,Netherlands
5547,Belgium,Brazil,Germany
5548,England,Morocco,Argentina
5549,Argentina,Spain,Sweden
5550,Egypt,Spain,France
5551,Spain,England,Canada
5552,Spain,Ivory Coast,Egypt
5553,Spain,Colombia,England
5554,France,Japan,Argentina
5555,Spain,Ecuador,Argentina
5556,Argentina,France,England
5557,Spain,Switzerland,Netherlands
5558,Portugal,Norway,Argentina
5559,Brazil,Germany,Spain
5560,Argentina,Netherlands,Brazil
5561,Argentina,France,Spain
5562,France,Argentina,Spain
5563,England,Belgium,Netherlands
5564,Argentina,Germany,Brazil
5565,Belgium,Argentina,Japan
5566,Bosnia-Herzegovina,England,Morocco
5567,Spain,Argentina,Brazil
5568,Argentina,Portugal,Canada
5569,Brazil,Portugal,Morocco
5570,Canada,Argentina,Belgium
5571,Mexico,Germany,Algeria
5572,Portugal,Ivory Coast,Argentina
5573,Argentina,Senegal,England
5574,France,England,Argentina
5575,Argentina,Spain,France
5576,France,England,Spain
5577,Argentina,France,Japan
5578,France,Mexico,United States
5579,France,England,Portugal
5580,Ecuador,France,United States
5581,Portugal,Argentina,Brazil
5582,Portugal,Switzerland,Ivory Coast
5583,Paraguay,Argentina,United States
5584,England,Belgium,Canada
5585,Spain,Mexico,France
5586,Germany,Ivory Coast,Spain
5587,England,Portugal,Ghana
5588,Belgium,Ecuador,Ghana
5589,Argentina,Morocco,Mexico
5590,Australia,United States,France
5591,England,Netherlands,Belgium
5592,Argentina,France,Portugal
5593,Morocco,Australia,Spain
5594,Argentina,Sweden,Norway
5595,France,Egypt,Spain
5596,Spain,England,France
5597,Colombia,Senegal,Morocco
5598,Portugal,Brazil,Ghana
5599,Netherlands,Argentina,Portugal
5600,Mexico,Germany,Senegal
5601,Canada,England,Argentina
5602,Australia,Belgium,Germany
5603,Spain,Colombia,France
5604,Mexico,Netherlands,Ghana
5605,Canada,Egypt,Croatia
5606,Portugal,Argentina,Netherlands
5607,England,Spain,Paraguay
5608,Spain,Colombia,Netherlands
5609,France,England,Colombia
5610,Germany,Norway,Croatia
5611,France,England,Portugal
5612,Netherlands,Switzerland,England
5613,England,Germany,Egypt
5614,France,Ecuador,Spain
5615,Colombia,Spain,France
5616,France,England,Argentina
5617,Argentina,Sweden,Belgium
5618,Netherlands,Mexico,Spain
5619,Mexico,Paraguay,Switzerland
5620,Argentina,Portugal,France
5621,France,Algeria,Spain
5622,Belgium,Mexico,Australia
5623,Spain,England,Germany
5624,France,Switzerland,Norway
5625,Japan,Spain,Argentina
5626,England,Spain,Algeria
5627,Mexico,Spain,France
5628,Brazil,Spain,Argentina
5629,Morocco,Japan,Spain
5630,France,Mexico,Portugal
5631,Belgium,Algeria,Norway
5632,Netherlands,Ivory Coast,Belgium
5633,Argentina,France,Belgium
5634,Spain,Colombia,France
5635,Belgium,Australia,France
5636,Belgium,Argentina,Morocco
5637,Brazil,Belgium,Sweden
5638,Mexico,Canada,United States
5639,England,Spain,Argentina
5640,Argentina,Belgium,Ecuador
5641,Croatia,Algeria,Ivory Coast
5642,France,Argentina,Portugal
5643,Brazil,United States,Germany
5644,England,Germany,Colombia
5645,Netherlands,Argentina,Spain
5646,Spain,Japan,Canada
5647,Argentina,France,Spain
5648,Argentina,Belgium,England
5649,Colombia,Paraguay,Mexico
5650,Mexico,Spain,Argentina
5651,England,France,Argentina
5652,Brazil,Belgium,Canada
5653,England,Canada,Egypt
5654,Spain,Ivory Coast,Egypt
5655,Australia,Morocco,Japan
5656,France,Brazil,Argentina
5657,Argentina,Spain,France
5658,England,Spain,Colombia
5659,Paraguay,Argentina,Brazil
5660,France,England,Argentina
5661,Argentina,Austria,France
5662,England,Senegal,Argentina
5663,England,Belgium,France
5664,Argentina,Croatia,Canada
5665,Netherlands,Mexico,Portugal
5666,Portugal,Cape Verde Islands,Mexico
5667,Brazil,Spain,Argentina
5668,Germany,England,Colombia
5669,Spain,Argentina,Germany
5670,Spain,Argentina,England
5671,Spain,England,Canada
5672,Argentina,Canada,England
5673,Spain,Argentina,Canada
5674,Japan,Netherlands,Argentina
5675,Brazil,Croatia,Australia
5676,Spain,Colombia,Brazil
5677,Belgium,Egypt,Ecuador
5678,Japan,Belgium,Switzerland
5679,Portugal,England,Netherlands
5680,Morocco,Ecuador,Algeria
5681,Croatia,Switzerland,Brazil
5682,Argentina,France,England
5683,France,Colombia,Spain
5684,United States,Japan,Germany
5685,Spain,Algeria,Brazil
5686,Croatia,England,Canada
5687,Belgium,Ivory Coast,Colombia
5688,Belgium,Australia,England
5689,Brazil,Germany,Argentina
5690,United States,Brazil,Algeria
5691,France,Colombia,England
5692,Brazil,Spain,France
5693,Spain,Argentina,France
5694,Morocco,Ivory Coast,Switzerland
5695,France,Switzerland,Norway
5696,England,Croatia,France
5697,England,Morocco,Argentina
5698,England,Morocco,Argentina
5699,Belgium,Mexico,Argentina
5700,Spain,Ecuador,Argentina
5701,Argentina,France,Croatia
5702,France,England,Egypt
5703,Spain,Japan,Canada
5704,Brazil,Belgium,Algeria
5705,Netherlands,Switzerland,Senegal
5706,France,Argentina,Japan
5707,Colombia,United States,Brazil
5708,France,England,Spain
5709,France,England,Belgium
5710,Australia,Spain,Netherlands
5711,Colombia,Canada,Senegal
5712,Algeria,Austria,England
5713,Spain,Australia,Ivory Coast
5714,France,Japan,Bosnia-Herzegovina
5715,Portugal,Algeria,France
5716,France,Australia,Spain
5717,Portugal,Mexico,Algeria
5718,England,Germany,Argentina
5719,Spain,Argentina,Brazil
5720,Portugal,Argentina,Netherlands
5721,France,England,Portugal
5722,Spain,Japan,Morocco
5723,Brazil,United States,Argentina
5724,Canada,Ecuador,Switzerland
5725,Argentina,United States,Norway
5726,France,Egypt,England
5727,Netherlands,Egypt,Spain
5728,Senegal,Brazil,Argentina
5729,Portugal,Argentina,Netherlands
5730,Spain,Argentina,France
5731,Netherlands,Japan,Spain
5732,Brazil,Paraguay,Portugal
5733,England,Belgium,Argentina
5734,Portugal,England,Switzerland
5735,Argentina,Spain,Germany
5736,Spain,Ecuador,Colombia
5737,Germany,Argentina,Austria
5738,Argentina,Canada,Senegal
5739,Spain,Ghana,France
5740,Ivory Coast,Croatia,Morocco
5741,Germany,Argentina,Japan
5742,Argentina,France,Japan
5743,England,Bosnia-Herzegovina,Switzerland
5744,Argentina,France,Spain
5745,Brazil,Belgium,Germany
5746,Brazil,France,Argentina
5747,Spain,Argentina,Paraguay
5748,Netherlands,Algeria,Spain
5749,France,Mexico,Argentina
5750,Argentina,Canada,Mexico
5751,Spain,Argentina,Japan
5752,Japan,Senegal,France
5753,Argentina,Portugal,Mexico
5754,England,Germany,Colombia
5755,Spain,Ivory Coast,Argentina
5756,France,Algeria,Norway
5757,Germany,Congo DR,Portugal
5758,Colombia,Germany,Croatia
5759,Japan,Belgium,Canada
5760,Spain,Japan,Switzerland
5761,England,Austria,Canada
5762,Spain,Argentina,Netherlands
5763,Argentina,Netherlands,Norway
5764,United States,Argentina,Canada
5765,Argentina,Spain,Japan
5766,Mexico,Spain,Canada
5767,Mexico,France,Senegal
5768,Argentina,Belgium,England
5769,Germany,Ecuador,Algeria
5770,Mexico,Spain,Germany
5771,Senegal,Mexico,Colombia
5772,Argentina,Croatia,England
5773,England,Spain,Argentina
5774,Egypt,Belgium,France
5775,England,Germany,Spain
5776,Belgium,Ghana,England
5777,Ivory Coast,Netherlands,Argentina
5778,Argentina,Belgium,France
5779,Switzerland,Netherlands,Japan
5780,France,Mexico,Argentina
5781,Portugal,Colombia,Morocco
5782,Brazil,Spain,Netherlands
5783,England,France,Colombia
5784,England,Sweden,Croatia
5785,Germany,Argentina,Portugal
5786,Senegal,Mexico,Argentina
5787,Argentina,Netherlands,Belgium
5788,Spain,England,France
5789,Spain,England,Morocco
5790,Argentina,Senegal,England
5791,England,Canada,Portugal
5792,Argentina,Germany,Ivory Coast
5793,Austria,Algeria,Brazil
5794,England,Croatia,Algeria
5795,France,Switzerland,Portugal
5796,England,France,Portugal
5797,Morocco,Ecuador,Argentina
5798,France,Colombia,United States
5799,Portugal,Switzerland,Germany
5800,Ivory Coast,Netherlands,Spain
5801,Netherlands,Norway,Argentina
5802,France,England,Argentina
5803,Morocco,Argentina,Spain
5804,Argentina,Spain,Germany
5805,Argentina,Morocco,Brazil
5806,Belgium,England,Germany
5807,Colombia,Portugal,France
5808,England,Senegal,Argentina
5809,Switzerland,France,Brazil
5810,Argentina,Spain,Brazil
5811,Germany,Egypt,Senegal
5812,Australia,Senegal,England
5813,Australia,Morocco,Belgium
5814,France,Japan,Algeria
5815,United States,Switzerland,Norway
5816,Germany,Ivory Coast,Spain
5817,Mexico,Croatia,Argentina
5818,Canada,Brazil,Argentina
5819,France,Ecuador,Croatia
5820,Brazil,France,Austria
5821,Colombia,United States,Morocco
5822,Japan,Germany,Argentina
5823,France,Brazil,Portugal
5824,Argentina,Spain,Morocco
5825,Mexico,Netherlands,Switzerland
5826,France,England,Senegal
5827,Morocco,Switzerland,Spain
5828,Argentina,Senegal,France
5829,Brazil,France,Spain
5830,Argentina,Germany,Mexico
5831,Paraguay,Argentina,Austria
5832,Belgium,Argentina,Paraguay
5833,Argentina,Portugal,Mexico
5834,Brazil,Portugal,Paraguay
5835,Germany,Ivory Coast,Egypt
5836,Portugal,Ivory Coast,Argentina
5837,Japan,France,Belgium
5838,Mexico,Germany,Portugal
5839,Australia,Paraguay,Brazil
5840,France,England,Egypt
5841,Japan,Spain,Colombia
5842,France,Mexico,United States
5843,France,Mexico,Australia
5844,Spain,England,Germany
5845,Spain,England,Netherlands
5846,Japan,Portugal,France
5847,Spain,Norway,Morocco
5848,England,Senegal,Germany
5849,England,Portugal,Germany
5850,England,Spain,France
5851,Spain,Brazil,Germany
5852,Germany,Argentina,Ivory Coast
5853,Japan,Canada,Algeria
5854,Egypt,Morocco,Norway
5855,England,France,Argentina
5856,Argentina,Germany,Spain
5857,France,England,Spain
5858,France,Argentina,Spain
5859,Argentina,United States,Paraguay
5860,Mexico,Sweden,Colombia
5861,Portugal,Colombia,Mexico
5862,France,Japan,Argentina
5863,United States,Mexico,Argentina
5864,Portugal,Argentina,Germany
5865,Morocco,England,Senegal
5866,Argentina,Germany,Spain
5867,Spain,Colombia,Germany
5868,England,France,Spain
5869,Senegal,Norway,Colombia
5870,Colombia,Germany,Mexico
5871,Argentina,France,Portugal
5872,Netherlands,Mexico,Belgium
5873,Brazil,Senegal,Argentina
5874,Spain,Switzerland,Japan
5875,France,Ivory Coast,Australia
5876,Argentina,Portugal,Canada
5877,Netherlands,Japan,United States
5878,Belgium,Mexico,Argentina
5879,Argentina,Netherlands,Senegal
5880,France,England,Croatia
5881,Belgium,Colombia,France
5882,Portugal,Argentina,England
5883,Argentina,France,Japan
5884,Brazil,Germany,Belgium
5885,Argentina,Germany,Spain
5886,France,England,Croatia
5887,France,Argentina,Spain
5888,Netherlands,Argentina,Japan
5889,France,Brazil,Argentina
5890,Argentina,Netherlands,Bosnia-Herzegovina
5891,Mexico,France,Algeria
5892,Argentina,Belgium,Canada
5893,Germany,Mexico,Switzerland
5894,Portugal,Ecuador,Netherlands
5895,Netherlands,Australia,Brazil
5896,Spain,Brazil,Argentina
5897,Norway,Spain,Canada
5898,Senegal,Japan,Argentina
5899,Germany,Switzerland,Spain
5900,Portugal,England,Netherlands
5901,Argentina,France,Senegal
5902,Spain,Ivory Coast,Colombia
5903,Germany,Algeria,Brazil
5904,England,Belgium,Colombia
5905,Argentina,Belgium,Norway
5906,Belgium,England,Egypt
5907,France,Switzerland,England
5908,England,Canada,Spain
5909,Switzerland,Portugal,Mexico
5910,Senegal,Algeria,Ecuador
5911,Croatia,Japan,Canada
5912,Colombia,Paraguay,Senegal
5913,Ghana,Croatia,Ivory Coast
5914,France,Colombia,Brazil
5915,France,Argentina,Austria
5916,Mexico,Sweden,Australia
5917,Argentina,Spain,Brazil
5918,Japan,United States,Germany
5919,Mexico,Senegal,France
5920,Morocco,Egypt,Austria
5921,Spain,Colombia,Sweden
5922,Croatia,Japan,France
5923,Spain,Japan,Canada
5924,Argentina,Portugal,England
5925,Argentina,Spain,Paraguay
5926,Morocco,Japan,Argentina
5927,Spain,Egypt,Brazil
5928,Argentina,United States,Netherlands
5929,United States,Argentina,Morocco
5930,Netherlands,Switzerland,Portugal
5931,Norway,France,Ghana
5932,Congo DR,France,Spain
5933,Argentina,Netherlands,Norway
5934,Argentina,Morocco,Mexico
5935,Netherlands,Ecuador,Colombia
5936,Argentina,Belgium,France
5937,Brazil,France,United States
5938,Spain,Algeria,France
5939,Portugal,Colombia,Sweden
5940,France,Norway,Senegal
5941,Argentina,Spain,Netherlands
5942,Spain,Australia,France
5943,Germany,Brazil,Senegal
5944,England,Belgium,France
5945,Germany,Mexico,Spain
5946,Brazil,Germany,Argentina
5947,Argentina,Portugal,England
5948,France,England,Australia
5949,Belgium,Japan,France
5950,England,Senegal,Argentina
5951,France,Japan,Spain
5952,England,Spain,Argentina
5953,Spain,Argentina,Mexico
5954,France,Brazil,Portugal
5955,Portugal,Argentina,Japan
5956,Argentina,France,United States
5957,Portugal,Australia,France
5958,United States,Australia,Japan
5959,Netherlands,Ecuador,Argentina
5960,France,Colombia,England
5961,Spain,Japan,Algeria
5962,Belgium,England,Argentina
5963,Spain,England,Canada
5964,Brazil,Senegal,France
5965,France,Egypt,Belgium
5966,Ghana,France,Ecuador
5967,Colombia,Spain,Mexico
5968,Argentina,Canada,Portugal
5969,Algeria,Spain,Brazil
5970,France,England,Colombia
5971,Croatia,Cape Verde Islands,France
5972,France,England,Portugal
5973,Netherlands,Switzerland,Spain
5974,Congo DR,Senegal,Argentina
5975,Argentina,Paraguay,Spain
5976,Australia,Croatia,Ecuador
5977,France,Egypt,Croatia
5978,Argentina,France,United States
5979,Argentina,Germany,England
5980,England,Belgium,Netherlands
5981,England,France,Algeria
5982,Argentina,Senegal,Japan
5983,Spain,Argentina,France
5984,Colombia,France,Spain
5985,Croatia,Japan,Egypt
5986,Argentina,France,Mexico
5987,Spain,Brazil,Paraguay
5988,England,France,Argentina
5989,Morocco,Brazil,Spain
5990,Argentina,Belgium,France
5991,Spain,Norway,Algeria
5992,Switzerland,France,Austria
5993,France,Switzerland,Portugal
5994,Morocco,Mexico,Argentina
5995,Netherlands,England,Switzerland
5996,Spain,Switzerland,Brazil
5997,France,England,Switzerland
5998,Colombia,Spain,Norway
5999,Ivory Coast,France,Austria
6000,Colombia,Morocco,England
6001,Argentina,Netherlands,Portugal
6002,Argentina,Croatia,Brazil
6003,Ivory Coast,United States,Germany
6004,Algeria,Portugal,England
6005,Morocco,Norway,Algeria
6006,Argentina,Morocco,Japan
6007,Brazil,France,Senegal
6008,Colombia,Paraguay,Ivory Coast
6009,Senegal,Switzerland,England
6010,Japan,Austria,Germany
6011,France,Japan,Colombia
6012,Spain,Japan,France
6013,Australia,Senegal,Ivory Coast
6014,Croatia,Colombia,Canada
6015,Japan,Netherlands,Argentina
6016,Japan,Spain,France
6017,England,Netherlands,Australia
6018,Portugal,Argentina,Netherlands
6019,Mexico,Spain,Switzerland
6020,Colombia,Spain,Japan
6021,Mexico,Spain,France
6022,Spain,Argentina,France
6023,Brazil,Spain,Netherlands
6024,Argentina,Portugal,Germany
6025,Colombia,Austria,France
6026,Spain,Mexico,Netherlands
6027,Morocco,England,United States
6028,Argentina,United States,Canada
6029,Netherlands,Australia,England
6030,Brazil,Austria,Australia
6031,Spain,Argentina,Mexico
6032,Brazil,Austria,France
6033,Argentina,United States,France
6034,Colombia,Belgium,Brazil
6035,Spain,Brazil,Germany
6036,Brazil,Spain,Algeria
6037,Spain,Ivory Coast,Canada
6038,Brazil,France,Belgium
6039,England,France,Australia
6040,Egypt,Belgium,France
6041,Morocco,Argentina,Belgium
6042,Japan,Spain,Switzerland
6043,Argentina,Spain,England
6044,Japan,United States,Canada
6045,Japan,France,Croatia
6046,Canada,Argentina,England
6047,England,Germany,United States
6048,Ecuador,Spain,Netherlands
6049,France,Australia,England
6050,Brazil,Canada,Argentina
6051,France,Argentina,Senegal
6052,France,Ghana,England
6053,Colombia,Portugal,Japan
6054,Argentina,Belgium,Paraguay
6055,Brazil,France,Belgium
6056,France,Switzerland,England
6057,Argentina,Netherlands,Brazil
6058,England,Spain,Argentina
6059,Morocco,Norway,Portugal
6060,England,Netherlands,Colombia
6061,Germany,England,Argentina
6062,Argentina,France,Croatia
6063,Switzerland,France,Portugal
6064,Senegal,Egypt,France
6065,Norway,United States,Canada
6066,France,Japan,Switzerland
6067,Spain,Egypt,Mexico
6068,Germany,Mexico,Portugal
6069,Argentina,France,Mexico
6070,Argentina,France,England
6071,Japan,Germany,Algeria
6072,Netherlands,Mexico,Algeria
6073,Argentina,Belgium,Mexico
6074,Switzerland,Spain,Brazil
6075,Belgium,Mexico,Canada
6076,Norway,France,Senegal
6077,Argentina,Belgium,Morocco
6078,Argentina,Belgium,Germany
6079,France,Japan,Spain
6080,England,France,Spain
6081,Colombia,Netherlands,Ecuador
6082,France,Brazil,Belgium
6083,Argentina,Canada,Japan
6084,Mexico,Germany,Argentina
6085,Argentina,France,Norway
6086,Argentina,Croatia,Mexico
6087,Spain,Switzerland,Brazil
6088,England,Portugal,France
6089,Spain,Argentina,Morocco
6090,Argentina,Austria,England
6091,Switzerland,Spain,Paraguay
6092,Morocco,Mexico,Argentina
6093,Argentina,Spain,Germany
6094,England,Netherlands,United States
6095,Argentina,Canada,United States
6096,Brazil,France,Croatia
6097,Algeria,Germany,Spain
6098,Belgium,Ecuador,Netherlands
6099,Argentina,Morocco,Ecuador
6100,Argentina,France,England
6101,France,England,Australia
6102,Argentina,Croatia,Ivory Coast
6103,England,Portugal,Argentina
6104,Morocco,Argentina,Mexico
6105,Brazil,United States,Germany
6106,Argentina,Morocco,Mexico
6107,Spain,Argentina,Morocco
6108,France,Mexico,Colombia
6109,Argentina,Paraguay,England
6110,Netherlands,Algeria,England
6111,Netherlands,Norway,Algeria
6112,France,Switzerland,Japan
6113,Argentina,Germany,Mexico
6114,Belgium,Norway,Switzerland
6115,Brazil,Belgium,Algeria
6116,Switzerland,Morocco,Norway
6117,Argentina,Portugal,Germany
6118,Australia,Belgium,England
6119,Argentina,Spain,England
6120,Brazil,Germany,Egypt
6121,Argentina,France,Belgium
6122,Morocco,Ivory Coast,Argentina
6123,Mexico,Spain,France
6124,Norway,France,Colombia
6125,Norway,Sweden,Belgium
6126,Spain,Colombia,Japan
6127,Brazil,Portugal,Argentina
6128,England,Germany,Australia
6129,Japan,United States,Ghana
6130,Japan,Croatia,Netherlands
6131,Morocco,Australia,England
6132,France,Colombia,Ecuador
6133,Belgium,Norway,Switzerland
6134,Netherlands,Brazil,Belgium
6135,Argentina,Netherlands,Brazil
6136,France,Argentina,Belgium
6137,Argentina,Germany,Spain
6138,Argentina,Belgium,Brazil
6139,Brazil,Senegal,Netherlands
6140,France,Mexico,Colombia
6141,Portugal,Ecuador,Colombia
6142,Netherlands,Argentina,United States
6143,Belgium,Argentina,England
6144,France,Switzerland,Mexico
6145,Spain,Brazil,Argentina
6146,Canada,Colombia,Portugal
6147,England,France,Colombia
6148,Brazil,Morocco,Portugal
6149,Argentina,France,Spain
6150,Argentina,Germany,Norway
6151,Netherlands,Brazil,Argentina
6152,Ecuador,Croatia,France
6153,Mexico,France,Colombia
6154,Brazil,Senegal,Argentina
6155,Egypt,Austria,Norway
6156,Algeria,Netherlands,England
6157,Mexico,Morocco,Australia
6158,France,Algeria,Belgium
6159,Brazil,Spain,Colombia
6160,Argentina,Paraguay,Brazil
6161,United States,Argentina,Sweden
6162,Belgium,Mexico,Paraguay
6163,Ivory Coast,Portugal,Sweden
6164,Spain,Ecuador,Algeria
6165,Japan,Belgium,Germany
6166,France,England,Portugal
6167,Argentina,Portugal,Germany
6168,Spain,Argentina,France
6169,Colombia,Netherlands,Belgium
6170,Morocco,Switzerland,Ecuador
6171,Germany,Ivory Coast,Argentina
6172,Spain,Ecuador,Germany
6173,France,England,Belgium
6174,France,Brazil,Spain
6175,Colombia,Belgium,Ecuador
6176,Spain,Ecuador,Egypt
6177,France,Ecuador,Algeria
6178,England,France,Argentina
6179,Morocco,Brazil,Switzerland
6180,England,Morocco,Portugal
6181,Spain,Cape Verde Islands,France
6182,Argentina,Portugal,England
6183,Ecuador,Netherlands,Argentina
6184,Belgium,Brazil,Argentina
6185,Portugal,Argentina,Ivory Coast
6186,Spain,Ghana,Ecuador
6187,Spain,England,France
6188,France,England,Switzerland
6189,Ivory Coast,France,Australia
6190,Argentina,Netherlands,England
6191,Spain,Brazil,France
6192,Brazil,France,Colombia
6193,Japan,Canada,Algeria
6194,Canada,Ivory Coast,Croatia
6195,Ecuador,Germany,Egypt
6196,Colombia,Netherlands,Belgium
6197,Brazil,Portugal,Argentina
6198,Brazil,Belgium,Argentina
6199,Argentina,France,Japan
6200,Brazil,Portugal,Netherlands
6201,France,England,Argentina
6202,France,Argentina,Bosnia-Herzegovina
6203,France,England,Spain
6204,Switzerland,France,Spain
6205,Argentina,Senegal,Japan
6206,Brazil,Germany,Portugal
6207,Colombia,Germany,United States
6208,Algeria,Senegal,France
6209,France,Argentina,Portugal
6210,Brazil,Spain,Morocco
6211,Mexico,Germany,Belgium
6212,Netherlands,England,Argentina
6213,Portugal,Norway,Germany
6214,England,Belgium,Germany
6215,Belgium,Mexico,Switzerland
6216,Colombia,Belgium,Canada
6217,France,Argentina,England
6218,England,Germany,Austria
6219,France,Japan,Switzerland
6220,Norway,France,Portugal
6221,Argentina,Belgium,Brazil
6222,Ivory Coast,Germany,Belgium
6223,Australia,France,England
6224,Brazil,Spain,Argentina
6225,Spain,Argentina,Japan
6226,Argentina,Germany,Mexico
6227,Spain,Australia,England
6228,Argentina,Morocco,Austria
6229,Senegal,England,Argentina
6230,France,Colombia,England
6231,Spain,Colombia,France
6232,Algeria,Austria,Netherlands
6233,Australia,Portugal,Mexico
6234,England,United States,Canada
6235,Argentina,France,Portugal
6236,England,Canada,United States
6237,Netherlands,England,Belgium
6238,Ivory Coast,Spain,France
6239,England,Belgium,Germany
6240,Brazil,Croatia,Switzerland
6241,Belgium,England,France
6242,Spain,England,Algeria
6243,Mexico,Morocco,Australia
6244,France,Switzerland,Norway
6245,Argentina,Canada,Norway
6246,Netherlands,Norway,United States
6247,England,France,United States
6248,Argentina,France,Brazil
6249,Argentina,Netherlands,Senegal
6250,Colombia,Belgium,England
6251,England,France,Portugal
6252,Belgium,Argentina,Netherlands
6253,Egypt,Morocco,Spain
6254,Spain,England,Paraguay
6255,France,England,Portugal
6256,France,Colombia,Spain
6257,Germany,England,Spain
6258,England,Morocco,Austria
6259,Mexico,Sweden,Senegal
6260,Portugal,Japan,Argentina
6261,Morocco,Argentina,Portugal
6262,Argentina,Canada,England
6263,France,England,Belgium
6264,England,Netherlands,Belgium
6265,France,Brazil,Portugal
6266,Spain,Mexico,Canada
6267,France,Japan,Spain
6268,Portugal,Australia,France
6269,Argentina,France,England
6270,Spain,England,Australia
6271,Spain,England,France
6272,France,Brazil,Algeria
6273,Japan,Netherlands,Belgium
6274,Netherlands,Australia,Austria
6275,Australia,Canada,Spain
6276,Argentina,Spain,Japan
6277,Brazil,Germany,United States
6278,Argentina,France,Ivory Coast
6279,Argentina,France,Japan
6280,Brazil,Senegal,Germany
6281,Australia,Portugal,Netherlands
6282,Morocco,Colombia,Brazil
6283,Mexico,Germany,Argentina
6284,Japan,France,Portugal
6285,Canada,England,Spain
6286,France,England,United States
6287,Canada,Ivory Coast,Belgium
6288,Paraguay,England,Portugal
6289,England,Canada,Argentina
6290,Netherlands,England,Senegal
6291,France,Mexico,Spain
6292,Argentina,France,England
6293,Spain,Argentina,Brazil
6294,England,Canada,Austria
6295,Colombia,France,Japan
6296,Germany,Norway,Spain
6297,Spain,Ecuador,Australia
6298,Japan,Portugal,Switzerland
6299,Argentina,Germany,Brazil
6300,England,United States,Netherlands
6301,Argentina,France,England
6302,Netherlands,Ghana,Spain
6303,Argentina,Canada,Spain
6304,Argentina,France,Japan
6305,Argentina,Croatia,Japan
6306,Colombia,Portugal,France
6307,Spain,Colombia,France
6308,France,England,Egypt
6309,Colombia,Belgium,France
6310,Germany,Ivory Coast,Argentina
6311,Brazil,France,Algeria
6312,France,Japan,Portugal
6313,Brazil,Germany,Argentina
6314,Spain,Ecuador,Germany
6315,Colombia,Portugal,Canada
6316,Belgium,Argentina,Netherlands
6317,Spain,Colombia,France
6318,Norway,Morocco,Spain
6319,Argentina,Netherlands,Norway
6320,England,Spain,Netherlands
6321,Spain,Brazil,France
6322,France,Brazil,Colombia
6323,Switzerland,Netherlands,Spain
6324,Portugal,Mexico,Switzerland
6325,Argentina,Netherlands,Spain
6326,Netherlands,Argentina,Croatia
6327,France,Argentina,Brazil
6328,Netherlands,Brazil,Senegal
6329,Morocco,Mexico,United States
6330,Argentina,France,Brazil
6331,France,Algeria,England
6332,France,Ivory Coast,Algeria
6333,France,Brazil,United States
6334,France,Brazil,Algeria
6335,France,Argentina,United States
6336,Argentina,Germany,Belgium
6337,England,Spain,Argentina
6338,Netherlands,Ivory Coast,Spain
6339,Argentina,Germany,Belgium
6340,Croatia,Argentina,Germany
6341,England,Portugal,Switzerland
6342,France,Japan,Spain
6343,Mexico,Spain,Argentina
6344,England,Germany,Egypt
6345,Argentina,Portugal,France
6346,Belgium,England,Argentina
6347,Germany,England,Spain
6348,Spain,England,Canada
6349,France,Mexico,Senegal
6350,Germany,England,Senegal
6351,France,England,Spain
6352,Germany,Mexico,United States
6353,Australia,Germany,Austria
6354,France,Egypt,Portugal
6355,France,Japan,Portugal
6356,Argentina,France,Brazil
6357,Ecuador,Spain,Colombia
6358,Senegal,Ivory Coast,Switzerland
6359,England,Canada,Australia
6360,United States,Switzerland,France
6361,Spain,Mexico,Netherlands
6362,Algeria,Canada,Senegal
6363,Morocco,England,Argentina
6364,England,Germany,Belgium
6365,Argentina,France,Portugal
6366,Argentina,United States,Japan
6367,Argentina,Netherlands,Belgium
6368,Netherlands,Colombia,Brazil
6369,Netherlands,Japan,Belgium
6370,Brazil,Belgium,Germany
6371,Japan,Belgium,Australia
6372,Argentina,Morocco,Ivory Coast
6373,Spain,Brazil,France
6374,Belgium,Mexico,Canada
6375,Brazil,Spain,Argentina
6376,Sweden,Japan,Switzerland
6377,Brazil,France,Portugal
6378,Morocco,Mexico,Argentina
6379,Spain,Mexico,Colombia
6380,Austria,Mexico,Canada
6381,Brazil,Belgium,France
6382,Ecuador,Spain,Morocco
6383,Germany,Colombia,Spain
6384,Canada,Argentina,Portugal
6385,Morocco,Argentina,England
6386,England,Spain,Colombia
6387,Colombia,Paraguay,Japan
6388,Argentina,France,Spain
6389,Argentina,Germany,Spain
6390,Morocco,England,Spain
6391,Argentina,Canada,Norway
6392,France,England,Colombia
6393,Portugal,Colombia,Mexico
6394,Mexico,France,Argentina
6395,Netherlands,Argentina,Japan
6396,United States,Japan,Netherlands
6397,Austria,England,Argentina
6398,Ivory Coast,Canada,Belgium
6399,Netherlands,England,Argentina
6400,Argentina,United States,England
6401,Belgium,Argentina,Germany
6402,Canada,Colombia,Ivory Coast
6403,England,Belgium,France
6404,Argentina,France,Belgium
6405,France,England,Croatia
6406,Japan,France,Argentina
6407,Algeria,United States,France
6408,Argentina,Portugal,England
6409,Brazil,Bosnia-Herzegovina,France
6410,Argentina,Spain,Canada
6411,England,France,Argentina
6412,Argentina,Spain,England
6413,Argentina,Paraguay,Spain
6414,Brazil,Netherlands,Colombia
6415,Argentina,Canada,Bosnia-Herzegovina
6416,Morocco,Colombia,Portugal
6417,Morocco,Brazil,Argentina
6418,Brazil,Canada,Croatia
6419,Egypt,Germany,Brazil
6420,Portugal,Argentina,Norway
6421,Canada,Japan,Colombia
6422,Spain,Colombia,Germany
6423,Japan,Croatia,France
6424,Norway,Senegal,Germany
6425,United States,Algeria,Brazil
6426,Croatia,Brazil,Argentina
6427,Morocco,Colombia,Mexico
6428,Australia,Spain,Netherlands
6429,United States,Argentina,Germany
6430,Morocco,Argentina,Belgium
6431,Argentina,Spain,England
6432,Colombia,Belgium,Japan
6433,Portugal,England,Canada
6434,France,Norway,Spain
6435,France,Japan,Colombia
6436,Colombia,Spain,England
6437,Mexico,United States,Egypt
6438,Colombia,United States,England
6439,Spain,England,Argentina
6440,Spain,Colombia,Japan
6441,Algeria,Paraguay,Belgium
6442,Egypt,United States,Netherlands
6443,Ivory Coast,Portugal,France
6444,Portugal,Argentina,Japan
6445,England,France,Argentina
6446,Argentina,Morocco,Ivory Coast
6447,Portugal,Norway,Morocco
6448,Spain,Argentina,Canada
6449,Canada,Switzerland,Belgium
6450,Argentina,Germany,Mexico
6451,Japan,United States,Egypt
6452,England,Croatia,Canada
6453,Brazil,Germany,Portugal
6454,Senegal,Brazil,Morocco
6455,Argentina,France,Senegal
6456,France,Colombia,Congo DR
6457,Netherlands,Norway,Belgium
6458,Senegal,Japan,Algeria
6459,Australia,United States,Netherlands
6460,Netherlands,Brazil,Switzerland
6461,Argentina,Morocco,Norway
6462,France,England,Spain
6463,Portugal,Argentina,Morocco
6464,Spain,England,Netherlands
6465,Spain,Colombia,Brazil
6466,France,England,Argentina
6467,France,Japan,Croatia
6468,Egypt,Belgium,France
6469,Brazil,Belgium,France
6470,France,Japan,Belgium
6471,Japan,Belgium,Switzerland
6472,Croatia,Australia,Germany
6473,France,Japan,Portugal
6474,Japan,France,Switzerland
6475,Belgium,Australia,Ecuador
6476,Argentina,Portugal,Mexico
6477,Portugal,Algeria,Japan
6478,Argentina,Morocco,Spain
6479,United States,Brazil,Switzerland
6480,Colombia,Netherlands,Ivory Coast
6481,Brazil,Germany,Argentina
6482,Spain,Mexico,Algeria
6483,France,Norway,Senegal
6484,Morocco,Colombia,Ecuador
6485,England,Morocco,Switzerland
6486,Argentina,Belgium,Mexico
6487,Croatia,Mexico,Ghana
6488,France,Mexico,Austria
6489,Belgium,Algeria,Canada
6490,Spain,Colombia,Canada
6491,Paraguay,Brazil,Croatia
6492,Portugal,Egypt,France
6493,Brazil,Belgium,Morocco
6494,England,Netherlands,Ghana
6495,Germany,Australia,Belgium
6496,Argentina,United States,Canada
6497,France,Switzerland,Norway
6498,Germany,England,Portugal
6499,Ivory Coast,France,Colombia
6500,Brazil,Spain,Egypt
6501,Spain,England,Switzerland
6502,Netherlands,Ghana,United States
6503,Algeria,Belgium,England
6504,Brazil,Senegal,Argentina
6505,Japan,Germany,Egypt
6506,Norway,Senegal,Algeria
6507,Colombia,France,Mexico
6508,Portugal,England,France
6509,Colombia,Senegal,Netherlands
6510,Morocco,Algeria,Spain
6511,Argentina,France,Portugal
6512,France,England,Australia
6513,Brazil,Senegal,Netherlands
6514,Spain,Mexico,Netherlands
6515,Egypt,Germany,Ivory Coast
6516,Argentina,Belgium,Mexico
6517,Morocco,Argentina,Belgium
6518,Argentina,Germany,Spain
6519,Portugal,Argentina,England
6520,Spain,Colombia,Mexico
6521,France,Argentina,Japan
6522,Colombia,Spain,Norway
6523,Morocco,Colombia,England
6524,Morocco,Argentina,Portugal
6525,England,Portugal,Netherlands
6526,Argentina,France,Spain
6527,Portugal,Japan,Morocco
6528,France,Colombia,Austria
6529,England,Morocco,Belgium
6530,France,Argentina,England
6531,Brazil,Netherlands,Senegal
6532,England,Spain,France
6533,Portugal,Switzerland,Netherlands
6534,Ivory Coast,Germany,Ghana
6535,Senegal,England,Netherlands
6536,Spain,England,Argentina
6537,Argentina,Canada,Ivory Coast
6538,Mexico,Germany,Austria
6539,Brazil,Portugal,Australia
6540,England,Morocco,Spain
6541,Argentina,Spain,Mexico
6542,France,Argentina,Belgium
6543,France,Switzerland,Spain
6544,Senegal,Mexico,Morocco
6545,Spain,Colombia,Brazil
6546,Spain,Argentina,France
6547,Morocco,England,Senegal
6548,Colombia,Belgium,Ivory Coast
6549,Brazil,Austria,Argentina
6550,Germany,Ecuador,Austria
6551,France,Japan,Colombia
6552,Germany,Ivory Coast,Switzerland
6553,Spain,Norway,Germany
6554,Argentina,France,Mexico
6555,Argentina,Morocco,Brazil
6556,Argentina,Belgium,Sweden
6557,Argentina,Belgium,Japan
6558,Spain,Colombia,Morocco
6559,France,Argentina,United States
6560,Netherlands,Brazil,Belgium
6561,France,Colombia,Spain
6562,Spain,Argentina,France
6563,Argentina,Canada,Brazil
6564,United States,Argentina,Brazil
6565,Portugal,Japan,Morocco
6566,Spain,Japan,Colombia
6567,Ivory Coast,Germany,Belgium
6568,Portugal,Ghana,France
6569,Portugal,England,Argentina
6570,Argentina,Belgium,France
6571,Netherlands,Mexico,Spain
6572,England,Senegal,Colombia
6573,Norway,Spain,Ghana
6574,Argentina,Canada,Belgium
6575,Spain,Ecuador,France
6576,United States,Norway,Morocco
6577,Brazil,Portugal,Netherlands
6578,Spain,Argentina,Morocco
6579,Netherlands,Switzerland,England
6580,Argentina,Sweden,England
6581,England,Germany,Spain
6582,Belgium,Brazil,Argentina
6583,Morocco,Egypt,Spain
6584,Canada,Argentina,Japan
6585,Canada,Argentina,Spain
6586,France,Japan,Australia
6587,Germany,Argentina,Mexico
6588,Spain,Egypt,Germany
6589,England,Morocco,Egypt
6590,Belgium,Japan,Sweden
6591,Argentina,Spain,Germany
6592,England,Netherlands,Spain
6593,Morocco,England,Belgium
6594,Morocco,Brazil,Belgium
6595,England,Germany,Portugal
6596,Japan,Canada,Cape Verde Islands
6597,Senegal,England,Colombia
6598,Australia,Morocco,Spain
6599,Spain,Argentina,Mexico
6600,England,Senegal,Germany
6601,Japan,Senegal,Argentina
6602,Morocco,Mexico,Algeria
6603,Argentina,Germany,Portugal
6604,Belgium,Brazil,Colombia
6605,Mexico,Belgium,France
6606,Portugal,Argentina,Brazil
6607,Ivory Coast,Senegal,Canada
6608,Portugal,Ecuador,Netherlands
6609,Netherlands,Australia,Japan
6610,Brazil,United States,Colombia
6611,Argentina,Senegal,England
6612,France,Argentina,Brazil
6613,Switzerland,Morocco,United States
6614,France,England,Portugal
6615,Netherlands,Argentina,Norway
6616,England,Portugal,Algeria
6617,United States,Argentina,Morocco
6618,Argentina,Portugal,Netherlands
6619,Canada,Argentina,Norway
6620,France,England,Portugal
6621,Argentina,France,Ivory Coast
6622,England,Spain,Argentina
6623,France,England,Argentina
6624,Germany,England,Colombia
6625,Spain,Switzerland,France
6626,Ecuador,Spain,Germany
6627,Norway,Sweden,Belgium
6628,France,Colombia,United States
6629,Belgium,Argentina,Netherlands
6630,Argentina,Belgium,Japan
6631,England,France,Spain
6632,United States,Norway,Netherlands
6633,Netherlands,Argentina,England
6634,Argentina,Canada,Ecuador
6635,Argentina,United States,Mexico
6636,Colombia,Portugal,Canada
6637,France,England,Argentina
6638,Argentina,France,Senegal
6639,Austria,Congo DR,France
6640,Argentina,Belgium,Brazil
6641,Croatia,Algeria,Germany
6642,Netherlands,Mexico,Belgium
6643,England,France,Spain
6644,Brazil,France,Croatia
6645,Canada,Japan,Switzerland
6646,Germany,Japan,United States
6647,Algeria,United States,Ecuador
6648,Colombia,Belgium,Netherlands
6649,Colombia,Belgium,England
6650,France,England,Belgium
6651,Netherlands,Argentina,Croatia
6652,Algeria,France,Spain
6653,Portugal,Ecuador,Netherlands
6654,France,England,Portugal
6655,France,Colombia,Ivory Coast
6656,Germany,Argentina,Belgium
6657,Norway,Senegal,France
6658,Spain,Switzerland,Japan
6659,Germany,Australia,Spain
6660,England,United States,Argentina
6661,Brazil,Portugal,Morocco
6662,Norway,Austria,Germany
6663,France,Brazil,Colombia
6664,Norway,Austria,Algeria
6665,Brazil,France,Spain
6666,Argentina,France,United States
6667,France,Argentina,Spain
6668,Brazil,France,Argentina
6669,Sweden,England,Spain
6670,Japan,Canada,United States
6671,France,Switzerland,Brazil
6672,Croatia,England,Germany
6673,Japan,Portugal,Paraguay
6674,Spain,Switzerland,Netherlands
6675,France,Colombia,Spain
6676,Cape Verde Islands,United States,Mexico
6677,France,Colombia,Spain
6678,Algeria,France,Belgium
6679,Belgium,Ecuador,France
6680,Ivory Coast,Germany,Egypt
6681,France,Argentina,England
6682,France,Argentina,Brazil
6683,Switzerland,France,Senegal
6684,Morocco,Algeria,Mexico
6685,England,Netherlands,Argentina
6686,England,France,Belgium
6687,Spain,Australia,Norway
6688,Argentina,Spain,Norway
6689,Spain,Brazil,Argentina
6690,England,Morocco,Cape Verde Islands
6691,Spain,Cape Verde Islands,Japan
6692,France,Norway,Belgium
6693,England,Germany,Belgium
6694,Ghana,Spain,Morocco
6695,Canada,England,United States
6696,France,Argentina,Brazil
6697,France,Brazil,Spain
6698,France,Norway,Argentina
6699,Argentina,Morocco,England
6700,France,Mexico,Belgium
6701,Brazil,United States,Argentina
6702,Congo DR,Belgium,Argentina
6703,Japan,Canada,Argentina
6704,France,Switzerland,United States
6705,Spain,Congo DR,Argentina
6706,Japan,Portugal,Netherlands
6707,France,Brazil,Colombia
6708,Argentina,Austria,Norway
6709,Argentina,France,United States
6710,France,Norway,Spain
6711,France,England,Argentina
6712,Canada,Argentina,Spain
6713,Colombia,Spain,England
6714,Australia,Bosnia-Herzegovina,England
6715,England,France,Colombia
6716,Belgium,Argentina,Netherlands
6717,Argentina,Belgium,Netherlands
6718,France,Colombia,Belgium
6719,Colombia,France,Brazil
6720,Egypt,Germany,Belgium
6721,Spain,Argentina,Canada
6722,France,Switzerland,England
6723,Argentina,Belgium,Germany
6724,France,Argentina,England
6725,Argentina,Belgium,Morocco
6726,Germany,England,Senegal
6727,Japan,Portugal,Germany
6728,England,Portugal,Germany
6729,Brazil,Portugal,Australia
6730,France,Norway,Spain
6731,Brazil,Spain,Morocco
6732,Spain,England,Germany
6733,Switzerland,Belgium,Germany
6734,Colombia,France,Mexico
6735,Argentina,Netherlands,Brazil
6736,Argentina,France,Brazil
6737,England,Paraguay,Colombia
6738,Japan,Sweden,Portugal
6739,Australia,Germany,Belgium
6740,Netherlands,Algeria,Senegal
6741,Colombia,Senegal,Netherlands
6742,Portugal,Japan,Colombia
6743,Mexico,France,Portugal
6744,Belgium,Brazil,Netherlands
6745,Spain,Argentina,Morocco
6746,Ecuador,France,Switzerland
6747,Spain,Colombia,Japan
6748,Brazil,France,Argentina
6749,France,Argentina,Spain
6750,England,Spain,Colombia
6751,Spain,Brazil,Netherlands
6752,Argentina,Croatia,England
6753,Argentina,Morocco,United States
6754,Norway,Bosnia-Herzegovina,Colombia
6755,Spain,England,Netherlands
6756,Netherlands,England,Spain
6757,Morocco,Mexico,Argentina
6758,England,Portugal,Germany
6759,France,Australia,England
6760,Switzerland,United States,Germany
6761,England,Germany,Croatia
6762,France,Ivory Coast,Spain
6763,Switzerland,Morocco,Spain
6764,Brazil,Morocco,Colombia
6765,Austria,Argentina,Brazil
6766,Switzerland,Spain,France
6767,Colombia,Spain,Brazil
6768,Belgium,Switzerland,Brazil
6769,England,Austria,France
6770,Austria,Argentina,Canada
6771,France,Egypt,Spain
6772,Argentina,Morocco,England
6773,Netherlands,Argentina,Portugal
6774,Mexico,Morocco,Senegal
6775,France,Australia,Mexico
6776,Germany,Switzerland,England
6777,Argentina,Canada,Belgium
6778,France,Egypt,Portugal
6779,Belgium,Argentina,England
6780,Brazil,Morocco,Argentina
6781,Brazil,France,Croatia
6782,France,Ivory Coast,Colombia
6783,Spain,Brazil,Argentina
6784,Belgium,Switzerland,Ecuador
6785,United States,Ivory Coast,Argentina
6786,Argentina,Morocco,Portugal
6787,France,Colombia,England
6788,Argentina,Canada,Spain
6789,Argentina,Netherlands,Mexico
6790,Argentina,France,Japan
6791,Argentina,Portugal,Brazil
6792,Switzerland,Sweden,Norway
6793,Portugal,Colombia,Netherlands
6794,Argentina,Germany,Mexico
6795,Netherlands,England,Senegal
6796,Spain,Mexico,Sweden
6797,Spain,Argentina,Mexico
6798,England,France,Argentina
6799,Portugal,Argentina,Brazil
6800,England,Spain,Netherlands
6801,England,France,Spain
6802,United States,Mexico,Argentina
6803,England,Belgium,France
6804,England,Netherlands,Argentina
6805,England,Belgium,Colombia
6806,France,England,Argentina
6807,England,Portugal,Netherlands
6808,Argentina,Germany,Portugal
6809,France,Ivory Coast,Belgium
6810,Argentina,Germany,Portugal
6811,Switzerland,Netherlands,England
6812,Argentina,Spain,Brazil
6813,England,France,Argentina
6814,France,Argentina,Brazil
6815,England,Spain,Paraguay
6816,Switzerland,Spain,Brazil
6817,Belgium,Ivory Coast,Argentina
6818,Brazil,Austria,Egypt
6819,France,Argentina,Spain
6820,Argentina,France,Belgium
6821,France,Switzerland,Belgium
6822,England,Spain,Colombia
6823,France,England,Colombia
6824,Argentina,United States,Netherlands
6825,Germany,Argentina,Brazil
6826,Algeria,Senegal,England
6827,France,Brazil,Spain
6828,Senegal,Colombia,Paraguay
6829,Sweden,Norway,Senegal
6830,Spain,Brazil,Canada
6831,Belgium,Japan,Germany
6832,Argentina,Belgium,Norway
6833,Netherlands,Colombia,Belgium
6834,Brazil,Germany,Portugal
6835,Argentina,France,England
6836,Belgium,Australia,England
6837,Belgium,Colombia,Japan
6838,Spain,Norway,Argentina
6839,Germany,Argentina,Spain
6840,France,Japan,Portugal
6841,Spain,Norway,Netherlands
6842,England,Spain,Morocco
6843,Mexico,Spain,Argentina
6844,France,Ivory Coast,Argentina
6845,Brazil,Belgium,Argentina
6846,France,England,Senegal
6847,Netherlands,Argentina,England
6848,England,Germany,Belgium
6849,France,England,Switzerland
6850,Switzerland,Netherlands,England
6851,Mexico,Spain,Argentina
6852,Ecuador,Canada,Colombia
6853,France,England,Belgium
6854,Spain,Argentina,England
6855,United States,Mexico,Netherlands
6856,France,Argentina,Brazil
6857,Portugal,Brazil,Cape Verde Islands
6858,Belgium,Japan,Colombia
6859,Brazil,Portugal,Germany
6860,Japan,France,Colombia
6861,Argentina,France,England
6862,Colombia,Netherlands,Spain
6863,Portugal,Australia,England
6864,France,Brazil,Spain
6865,France,England,Argentina
6866,Spain,Argentina,Canada
6867,France,Ecuador,Spain
6868,England,Netherlands,Spain
6869,Netherlands,Norway,United States
6870,Japan,Senegal,Argentina
6871,Brazil,France,Belgium
6872,Japan,Spain,Argentina
6873,Belgium,Mexico,France
6874,Spain,England,France
6875,Brazil,Morocco,Spain
6876,France,Argentina,England
6877,Argentina,Portugal,Canada
6878,Spain,Egypt,England
6879,Morocco,Egypt,Mexico
6880,Argentina,France,Portugal
6881,Argentina,France,Brazil
6882,Argentina,Germany,Portugal
6883,Portugal,Algeria,Brazil
6884,Germany,Colombia,Portugal
6885,France,Japan,Argentina
6886,United States,Colombia,Netherlands
6887,Japan,Netherlands,Egypt
6888,France,England,Senegal
6889,France,Argentina,Brazil
6890,Australia,Spain,Canada
6891,Argentina,Spain,Canada
6892,Colombia,France,Japan
6893,Norway,Bosnia-Herzegovina,Egypt
6894,France,England,Portugal
6895,Belgium,Brazil,Canada
6896,Mexico,Portugal,Argentina
6897,Argentina,Morocco,Mexico
6898,Spain,Colombia,Sweden
6899,Argentina,Spain,France
6900,Morocco,Colombia,Brazil
6901,France,England,Algeria
6902,Algeria,Belgium,Brazil
6903,Argentina,Portugal,France
6904,Switzerland,Senegal,Netherlands
6905,Spain,Australia,France
6906,England,Spain,Argentina
6907,Brazil,Canada,Croatia
6908,Spain,Mexico,Argentina
6909,France,Switzerland,Ivory Coast
6910,Colombia,Belgium,France
6911,Argentina,Portugal,Paraguay
6912,France,England,Belgium
6913,Argentina,United States,Morocco
6914,Argentina,Morocco,Austria
6915,Netherlands,Australia,Bosnia-Herzegovina
6916,France,Argentina,United States
6917,England,Netherlands,Argentina
6918,France,Mexico,Portugal
6919,Argentina,France,Croatia
6920,France,Ivory Coast,Australia
6921,Ecuador,France,Spain
6922,Germany,Argentina,Spain
6923,Brazil,Morocco,Belgium
6924,Norway,Canada,Argentina
6925,France,Brazil,Switzerland
6926,Belgium,England,Germany
6927,Netherlands,Argentina,Belgium
6928,Austria,Switzerland,France
6929,Portugal,Mexico,Netherlands
6930,France,Egypt,United States
6931,Spain,Argentina,England
6932,Mexico,Canada,Argentina
6933,Brazil,Netherlands,Belgium
6934,Germany,Colombia,England
6935,Belgium,Argentina,Brazil
6936,France,Congo DR,Belgium
6937,Germany,Norway,Argentina
6938,Argentina,Canada,Belgium
6939,Argentina,Netherlands,United States
6940,France,Switzerland,Portugal
6941,Argentina,United States,Canada
6942,Belgium,Colombia,Ecuador
6943,Spain,Argentina,Netherlands
6944,Belgium,Switzerland,Germany
6945,Spain,Mexico,Netherlands
6946,Argentina,Portugal,Norway
6947,Portugal,Japan,Switzerland
6948,Algeria,Belgium,England
6949,France,Argentina,Mexico
6950,Canada,Argentina,Portugal
6951,Argentina,Senegal,Japan
6952,Spain,England,France
6953,Argentina,Austria,Morocco
6954,Spain,Norway,Netherlands
6955,France,England,Argentina
6956,Spain,Algeria,Japan
6957,France,Argentina,Brazil
6958,France,Japan,Australia
6959,Egypt,Paraguay,Portugal
6960,Portugal,Mexico,Argentina
6961,France,England,Argentina
6962,Argentina,Spain,Morocco
6963,United States,Mexico,Paraguay
6964,Germany,Argentina,Mexico
6965,Switzerland,Canada,Spain
6966,Netherlands,Japan,Spain
6967,England,United States,Argentina
6968,France,Egypt,United States
6969,France,Argentina,England
6970,Senegal,Brazil,Argentina
6971,Japan,France,Portugal
6972,Morocco,Algeria,Portugal
6973,England,France,Argentina
6974,Japan,Belgium,Argentina
6975,Morocco,Egypt,England
6976,Germany,Norway,Argentina
6977,Spain,Algeria,France
6978,Argentina,Spain,Norway
6979,Canada,Mexico,Argentina
6980,Argentina,France,Spain
6981,Portugal,Argentina,Mexico
6982,France,Algeria,England
6983,Belgium,Argentina,Morocco
6984,Netherlands,England,Cape Verde Islands
6985,Argentina,France,Norway
6986,Netherlands,Colombia,England
6987,Argentina,Austria,Brazil
6988,France,Argentina,England
6989,Colombia,Spain,Mexico
6990,Ecuador,Portugal,Argentina
6991,France,Switzerland,Portugal
6992,United States,England,Germany
6993,Germany,Mexico,Portugal
6994,Germany,Brazil,Spain
6995,France,Norway,Argentina
6996,Spain,Ecuador,France
6997,Colombia,France,England
6998,Belgium,Japan,France
6999,Portugal,Colombia,Paraguay
7000,Spain,Brazil,Australia
7001,Brazil,Canada,Argentina
7002,Spain,England,Argentina
7003,Switzerland,Spain,Japan
7004,Spain,Mexico,Colombia
7005,Argentina,Netherlands,Japan
7006,France,Colombia,Spain
7007,Mexico,Portugal,Argentina
7008,Spain,Japan,Switzerland
7009,France,Ivory Coast,Cape Verde Islands
7010,Portugal,Argentina,France
7011,France,Argentina,Spain
7012,England,Spain,Egypt
7013,Belgium,England,Colombia
7014,Algeria,Netherlands,Spain
7015,France,Switzerland,Spain
7016,Netherlands,Mexico,United States
7017,Germany,Argentina,Brazil
7018,Portugal,Argentina,Brazil
7019,Spain,Australia,Sweden
7020,Algeria,Austria,Germany
7021,Belgium,Switzerland,Morocco
7022,Brazil,Germany,Colombia
7023,Netherlands,Mexico,Argentina
7024,France,Egypt,Portugal
7025,Canada,Ghana,Belgium
7026,Argentina,Paraguay,Portugal
7027,Ghana,Germany,Portugal
7028,Mexico,Netherlands,Argentina
7029,Argentina,Belgium,Morocco
7030,France,Argentina,Brazil
7031,Canada,Colombia,Mexico
7032,United States,Mexico,Argentina
7033,Argentina,Morocco,Portugal
7034,Argentina,Morocco,Japan
7035,Netherlands,Japan,Switzerland
7036,Spain,Brazil,Switzerland
7037,Spain,Argentina,Brazil
7038,Spain,Mexico,Netherlands
7039,Portugal,Switzerland,Netherlands
7040,France,Mexico,Egypt
7041,Argentina,Belgium,England
7042,Argentina,Netherlands,United States
7043,Spain,Ecuador,France
7044,England,Spain,Colombia
7045,Netherlands,England,Argentina
7046,Japan,France,Colombia
7047,Ivory Coast,France,Portugal
7048,Argentina,United States,England
7049,Morocco,Argentina,Senegal
7050,Spain,Argentina,France
7051,Canada,Australia,Spain
7052,Morocco,Algeria,England
7053,England,Canada,Switzerland
7054,England,Canada,Portugal
7055,Germany,Argentina,Portugal
7056,Colombia,Spain,France
7057,Norway,Sweden,Belgium
7058,England,Belgium,Canada
7059,Spain,Brazil,France
7060,Brazil,United States,France
7061,Belgium,Japan,Netherlands
7062,Belgium,England,France
7063,England,Portugal,France
7064,Argentina,France,Norway
7065,Netherlands,Egypt,England
7066,England,Morocco,Colombia
7067,England,Spain,Australia
7068,Spain,Colombia,Germany
7069,Argentina,Belgium,France
7070,Portugal,Argentina,Mexico
7071,Belgium,Argentina,France
7072,Argentina,Germany,Ecuador
7073,Argentina,Spain,Canada
7074,England,Portugal,France
7075,Germany,Brazil,Switzerland
7076,Argentina,Senegal,Netherlands
7077,Spain,Ecuador,France
7078,Spain,Switzerland,England
7079,Ecuador,Paraguay,Australia
7080,Argentina,Belgium,Germany
7081,Argentina,Morocco,Belgium
7082,Morocco,Algeria,Norway
7083,Germany,England,Argentina
7084,Belgium,Argentina,Norway
7085,Norway,Spain,Morocco
7086,Argentina,Spain,Germany
7087,Argentina,Paraguay,Portugal
7088,Argentina,Spain,Brazil
7089,Japan,Portugal,France
7090,Brazil,Belgium,Canada
7091,France,Switzerland,Portugal
7092,Argentina,Portugal,Netherlands
7093,Ghana,Netherlands,Senegal
7094,Mexico,Croatia,Algeria
7095,Brazil,France,Belgium
7096,Japan,Netherlands,Belgium
7097,Morocco,Switzerland,Brazil
7098,Morocco,Japan,Austria
7099,Spain,Colombia,Japan
7100,Argentina,Paraguay,Norway
7101,Belgium,England,Morocco
7102,Ghana,France,Belgium
7103,Brazil,France,Switzerland
7104,Mexico,Sweden,Argentina
7105,Argentina,Spain,Germany
7106,Mexico,France,Colombia
7107,Ecuador,Spain,Morocco
7108,Spain,Ivory Coast,Canada
7109,United States,Mexico,Germany
7110,Portugal,Mexico,Australia
7111,France,Ivory Coast,Argentina
7112,Morocco,Egypt,Japan
7113,France,Argentina,Ivory Coast
7114,Ivory Coast,Senegal,Netherlands
7115,Spain,Brazil,Canada
7116,Netherlands,Ivory Coast,Portugal
7117,France,Switzerland,Senegal
7118,England,Netherlands,Spain
7119,Colombia,Netherlands,Japan
7120,Argentina,Germany,Spain
7121,France,Ecuador,Switzerland
7122,France,Norway,Algeria
7123,Mexico,Canada,Argentina
7124,Paraguay,England,Belgium
7125,France,Argentina,United States
7126,Paraguay,Switzerland,United States
7127,Netherlands,Argentina,Senegal
7128,England,Netherlands,Spain
7129,Netherlands,Congo DR,Belgium
7130,Colombia,Spain,England
7131,Spain,Argentina,England
7132,Mexico,Paraguay,Spain
7133,Argentina,France,Brazil
7134,Portugal,England,Colombia
7135,Colombia,Senegal,Ivory Coast
7136,Argentina,Morocco,Japan
7137,Argentina,Germany,Portugal
7138,England,Paraguay,Argentina
7139,Spain,Switzerland,Netherlands
7140,Spain,Australia,England
7141,Japan,Germany,Argentina
7142,Argentina,France,Brazil
7143,Argentina,Morocco,Ivory Coast
7144,Argentina,Germany,England
7145,England,Canada,Algeria
7146,Argentina,France,Japan
7147,Netherlands,Cape Verde Islands,Belgium
7148,Morocco,Ecuador,Belgium
7149,Morocco,Mexico,Australia
7150,France,Japan,Portugal
7151,Argentina,Germany,United States
7152,Brazil,Morocco,Switzerland
7153,Argentina,France,Spain
7154,Belgium,Ivory Coast,Argentina
7155,Netherlands,Colombia,Spain
7156,Colombia,United States,Netherlands
7157,Ecuador,Netherlands,Croatia
7158,France,Japan,Spain
7159,Morocco,England,Belgium
7160,Japan,Spain,France
7161,Japan,France,Belgium
7162,Portugal,Norway,France
7163,Morocco,Brazil,Colombia
7164,Germany,England,Argentina
7165,Argentina,France,Belgium
7166,Japan,Canada,Switzerland
7167,Argentina,Canada,Spain
7168,Ecuador,Germany,Spain
7169,Mexico,Belgium,Cape Verde Islands
7170,Spain,Argentina,Mexico
7171,Colombia,Portugal,France
7172,Norway,Canada,Australia
7173,Netherlands,Argentina,Spain
7174,France,Brazil,Australia
7175,France,Japan,United States
7176,France,Argentina,Portugal
7177,Argentina,Belgium,Morocco
7178,Japan,Morocco,United States
7179,Colombia,Netherlands,Belgium
7180,England,Belgium,Algeria
7181,Spain,Argentina,France
7182,Colombia,France,Portugal
7183,England,Portugal,France
7184,France,Colombia,Japan
7185,Brazil,France,Portugal
7186,Spain,Brazil,Argentina
7187,England,Netherlands,Colombia
7188,Japan,Germany,Portugal
7189,France,Colombia,Belgium
7190,Argentina,Netherlands,Spain
7191,Mexico,France,Argentina
7192,Spain,England,Argentina
7193,Brazil,Portugal,Germany
7194,Portugal,Colombia,France
7195,France,Colombia,Japan
7196,Argentina,France,Brazil
7197,France,Norway,Spain
7198,Morocco,Mexico,Colombia
7199,Sweden,England,Argentina
7200,Norway,Bosnia-Herzegovina,Netherlands
7201,England,Belgium,Canada
7202,France,Japan,Spain
7203,France,Colombia,Mexico
7204,Japan,Germany,Portugal
7205,France,Mexico,Croatia
7206,Brazil,Spain,Morocco
7207,Colombia,Morocco,Senegal
7208,Mexico,Germany,Switzerland
7209,Egypt,Spain,Germany
7210,Croatia,England,Germany
7211,Argentina,Morocco,Brazil
7212,Argentina,Spain,Brazil
7213,Argentina,Netherlands,Japan
7214,Belgium,Argentina,Brazil
7215,Egypt,Senegal,Morocco
7216,Spain,Argentina,Mexico
7217,Argentina,Spain,France
7218,Brazil,France,Spain
7219,Belgium,Mexico,Netherlands
7220,Brazil,Netherlands,Spain
7221,Spain,Algeria,Mexico
7222,Brazil,Germany,Spain
7223,United States,Argentina,Japan
7224,Argentina,Portugal,Japan
7225,Portugal,Switzerland,Canada
7226,Japan,Germany,Portugal
7227,Croatia,England,France
7228,Spain,Argentina,Brazil
7229,Portugal,England,Argentina
7230,Ecuador,Austria,France
7231,Canada,Japan,Algeria
7232,Argentina,Portugal,Norway
7233,Argentina,Spain,Morocco
7234,France,Colombia,Portugal
7235,Austria,Mexico,Colombia
7236,Brazil,Spain,Cape Verde Islands
7237,Netherlands,Brazil,Australia
7238,Argentina,France,Belgium
7239,Egypt,Morocco,England
7240,Argentina,Spain,Norway
7241,France,Mexico,Senegal
7242,England,France,Belgium
7243,Argentina,France,Spain
7244,Argentina,Senegal,Congo DR
7245,Spain,Argentina,France
7246,England,Spain,Colombia
7247,Colombia,France,England
7248,Egypt,France,Croatia
7249,England,Portugal,Netherlands
7250,Canada,Colombia,Brazil
7251,Norway,Germany,Spain
7252,Spain,Brazil,Netherlands
7253,Netherlands,Japan,Portugal
7254,Spain,Egypt,France
7255,Switzerland,Portugal,Ivory Coast
7256,Canada,Ivory Coast,Algeria
7257,United States,Brazil,Argentina
7258,Argentina,Spain,Netherlands
7259,Argentina,France,Ecuador
7260,France,Japan,Switzerland
7261,Netherlands,Colombia,Brazil
7262,France,Egypt,Austria
7263,United States,Argentina,France
7264,Spain,England,Colombia
7265,France,Switzerland,England
7266,Spain,Egypt,Norway
7267,France,Ecuador,Spain
7268,Spain,England,Germany
7269,Algeria,Austria,France
7270,Brazil,France,Colombia
7271,Argentina,Morocco,Brazil
7272,Spain,Japan,Argentina
7273,Argentina,France,Austria
7274,Japan,Croatia,Morocco
7275,France,Argentina,Spain
7276,Argentina,Spain,France
7277,Belgium,Colombia,Netherlands
7278,England,Canada,United States
7279,Brazil,Belgium,Algeria
7280,Algeria,United States,Netherlands
7281,Argentina,Morocco,England
7282,Argentina,Morocco,Brazil
7283,Spain,England,Colombia
7284,United States,England,Egypt
7285,Brazil,Spain,France
7286,Senegal,Australia,France
7287,Argentina,Paraguay,Japan
7288,Belgium,England,Canada
7289,Argentina,Germany,Brazil
7290,France,Colombia,England
7291,Brazil,Belgium,Germany
7292,Belgium,Algeria,Brazil
7293,Spain,Argentina,Germany
7294,England,Germany,Austria
7295,United States,England,France
7296,Germany,Brazil,Argentina
7297,France,Argentina,Croatia
7298,Argentina,Spain,Mexico
7299,France,Argentina,Ecuador
7300,Portugal,Argentina,England
7301,Mexico,United States,Canada
7302,Morocco,Argentina,Spain
7303,Ecuador,Morocco,Argentina
7304,Spain,Australia,France
7305,Spain,Argentina,Netherlands
7306,Spain,Argentina,Morocco
7307,Belgium,Mexico,France
7308,Colombia,Paraguay,Spain
7309,Brazil,Belgium,Argentina
7310,Argentina,Portugal,France
7311,Spain,Argentina,Brazil
7312,Morocco,Argentina,England
7313,Argentina,Portugal,France
7314,Colombia,France,Belgium
7315,Spain,Brazil,Argentina
7316,Portugal,Mexico,Switzerland
7317,Japan,Spain,Ghana
7318,France,Japan,Spain
7319,France,Colombia,Mexico
7320,Portugal,Ecuador,Germany
7321,Argentina,Germany,United States
7322,Brazil,Canada,Senegal
7323,United States,Ivory Coast,Sweden
7324,Argentina,Portugal,Germany
7325,France,Japan,Egypt
7326,England,Morocco,Colombia
7327,Argentina,Portugal,France
7328,Argentina,Senegal,France
7329,Morocco,Australia,Senegal
7330,Spain,Brazil,France
7331,Argentina,Spain,Brazil
7332,England,Canada,Colombia
7333,Switzerland,Germany,Japan
7334,Portugal,Argentina,England
7335,Morocco,Colombia,Japan
7336,Argentina,Portugal,Mexico
7337,Japan,Portugal,Argentina
7338,Paraguay,Ecuador,Australia
7339,Morocco,Argentina,Japan
7340,Argentina,France,England
7341,France,Argentina,Spain
7342,Argentina,Germany,Senegal
7343,Argentina,Belgium,Germany
7344,Brazil,France,Spain
7345,France,England,Belgium
7346,Norway,Paraguay,Switzerland
7347,Ivory Coast,Germany,Colombia
7348,Spain,Argentina,England
7349,Japan,France,Spain
7350,Algeria,Canada,Portugal
7351,Switzerland,Croatia,England
7352,France,England,Croatia
7353,Morocco,Switzerland,Portugal
7354,Argentina,Belgium,Germany
7355,France,Brazil,Croatia
7356,Germany,Argentina,Ecuador
7357,Colombia,France,England
7358,Netherlands,Switzerland,England
7359,Morocco,Argentina,Portugal
7360,France,Brazil,Portugal
7361,France,Argentina,England
7362,Netherlands,Ivory Coast,Portugal
7363,Germany,Argentina,Spain
7364,Spain,Ivory Coast,Switzerland
7365,England,Spain,Argentina
7366,Mexico,Austria,Colombia
7367,France,England,Spain
7368,Algeria,France,Ivory Coast
7369,Belgium,Algeria,France
7370,Norway,Belgium,Argentina
7371,Japan,Belgium,Argentina
7372,Mexico,Belgium,France
7373,France,England,Portugal
7374,Spain,Mexico,France
7375,Colombia,Spain,France
7376,England,Belgium,Sweden
7377,Netherlands,Argentina,Spain
7378,Australia,Croatia,England
7379,Japan,Netherlands,Austria
7380,Portugal,Mexico,Switzerland
7381,Belgium,Egypt,Norway
7382,France,Brazil,Cape Verde Islands
7383,Argentina,France,Portugal
7384,Brazil,Spain,Egypt
7385,Mexico,Morocco,Argentina
7386,Argentina,Canada,Spain
7387,Colombia,Spain,England
7388,Portugal,Brazil,Argentina
7389,Brazil,Belgium,Morocco
7390,England,Morocco,Argentina
7391,England,France,Portugal
7392,France,England,Belgium
7393,Spain,Ivory Coast,Egypt
7394,France,Australia,Ecuador
7395,Argentina,Germany,Belgium
7396,Netherlands,Algeria,Senegal
7397,Spain,Norway,Egypt
7398,Croatia,Mexico,Argentina
7399,Brazil,Portugal,Argentina
7400,United States,England,Argentina
7401,Argentina,France,Croatia
7402,France,Australia,Brazil
7403,Croatia,Japan,France
7404,Argentina,Belgium,Netherlands
7405,England,Spain,Canada
7406,England,Austria,Netherlands
7407,Ivory Coast,Germany,Spain
7408,Portugal,Argentina,Netherlands
7409,Portugal,Norway,Paraguay
7410,Argentina,Belgium,England
7411,France,Ivory Coast,Argentina
7412,Morocco,Argentina,Japan
7413,Argentina,Morocco,Senegal
7414,Argentina,France,Spain
7415,Brazil,Morocco,Algeria
7416,Argentina,France,Norway
7417,Portugal,Egypt,Brazil
7418,Colombia,Spain,Netherlands
7419,England,Canada,Belgium
7420,Brazil,Germany,Portugal
7421,Portugal,Algeria,France
7422,Japan,Canada,Senegal
7423,France,Brazil,Belgium
7424,Sweden,Norway,Switzerland
7425,England,France,Portugal
7426,Argentina,Spain,France
7427,Netherlands,Japan,Spain
7428,Belgium,Brazil,Argentina
7429,Canada,Egypt,Austria
7430,Mexico,Portugal,France
7431,Netherlands,Norway,Spain
7432,Portugal,Colombia,Netherlands
7433,Netherlands,Norway,United States
7434,Switzerland,Canada,Brazil
7435,Japan,Netherlands,Portugal
7436,Belgium,Japan,France
7437,England,Spain,Argentina
7438,Spain,Brazil,Argentina
7439,Belgium,Japan,Cape Verde Islands
7440,Argentina,Spain,Brazil
7441,Spain,Japan,Canada
7442,Germany,Argentina,Croatia
7443,Portugal,Brazil,Morocco
7444,Belgium,Mexico,France
7445,England,Portugal,Switzerland
7446,Spain,Algeria,Morocco
7447,France,England,Australia
7448,Ivory Coast,Canada,Switzerland
7449,Netherlands,Brazil,Spain
7450,Portugal,Australia,England
7451,Spain,Australia,Mexico
7452,Algeria,Spain,Germany
7453,Portugal,Argentina,England
7454,Portugal,England,Algeria
7455,France,Argentina,Mexico
7456,Netherlands,Japan,Argentina
7457,Colombia,France,Norway
7458,Colombia,United States,France
7459,France,Colombia,Belgium
7460,France,Ecuador,Portugal
7461,Paraguay,Norway,Egypt
7462,Brazil,France,Senegal
7463,Senegal,England,Egypt
7464,Argentina,Portugal,Netherlands
7465,Japan,Morocco,Belgium
7466,Spain,Norway,Switzerland
7467,Portugal,Brazil,Argentina
7468,Spain,England,Argentina
7469,Australia,Germany,England
7470,Argentina,Canada,Spain
7471,Switzerland,France,England
7472,Argentina,France,Ecuador
7473,Argentina,United States,Germany
7474,Netherlands,Brazil,Senegal
7475,Argentina,Paraguay,Belgium
7476,Australia,Bosnia-Herzegovina,France
7477,Argentina,Croatia,Brazil
7478,Argentina,Spain,Netherlands
7479,Ivory Coast,Netherlands,Spain
7480,Argentina,United States,Brazil
7481,Belgium,Argentina,Brazil
7482,England,Morocco,Spain
7483,Argentina,Germany,Portugal
7484,France,Egypt,England
7485,Switzerland,Austria,Canada
7486,Japan,Belgium,Switzerland
7487,Spain,Argentina,Paraguay
7488,Argentina,Portugal,France
7489,Germany,Switzerland,Portugal
7490,Argentina,Germany,Brazil
7491,France,Colombia,Spain
7492,Colombia,Senegal,Canada
7493,Australia,Sweden,Spain
7494,Japan,France,Australia
7495,Sweden,England,Argentina
7496,France,Argentina,Portugal
7497,Argentina,Spain,Mexico
7498,Croatia,Argentina,Japan
7499,Spain,Mexico,Algeria
7500,Germany,Brazil,Belgium
7501,Portugal,England,Netherlands
7502,France,Argentina,Portugal
7503,Mexico,Netherlands,United States
7504,Belgium,Argentina,Ecuador
7505,Argentina,France,Japan
7506,Belgium,Algeria,Canada
7507,France,Australia,England
7508,England,Austria,Argentina
7509,Colombia,France,England
7510,Croatia,Brazil,Argentina
7511,Argentina,United States,France
7512,Argentina,Portugal,Brazil
7513,Morocco,Colombia,Brazil
7514,Mexico,Germany,Spain
7515,Japan,France,Switzerland
7516,England,Austria,Egypt
7517,Germany,Argentina,Croatia
7518,Argentina,Germany,Ivory Coast
7519,Spain,Argentina,Netherlands
7520,Argentina,Morocco,Spain
7521,Argentina,Germany,Ecuador
7522,Senegal,Argentina,Morocco
7523,Belgium,Switzerland,Canada
7524,France,Egypt,Belgium
7525,Argentina,Canada,Ivory Coast
7526,Morocco,Colombia,Brazil
7527,Argentina,Belgium,Sweden
7528,England,France,Colombia
7529,Argentina,United States,Japan
7530,Morocco,Congo DR,United States
7531,Spain,Japan,Argentina
7532,Brazil,France,Senegal
7533,Portugal,Colombia,Brazil
7534,France,Argentina,England
7535,Spain,Argentina,England
7536,Germany,Argentina,England
7537,France,Argentina,Croatia
7538,Germany,Brazil,Switzerland
7539,France,Colombia,England
7540,Argentina,Germany,Spain
7541,Germany,Argentina,Belgium
7542,Switzerland,France,Brazil
7543,England,France,Algeria
7544,Argentina,Spain,Ecuador
7545,Spain,England,Morocco
7546,Argentina,France,Mexico
7547,Netherlands,England,United States
7548,Argentina,Canada,England
7549,Argentina,Netherlands,England
7550,Spain,England,France
7551,France,Argentina,England
7552,Spain,Norway,Colombia
7553,Portugal,Mexico,Ghana
7554,France,England,Argentina
7555,Croatia,Australia,England
7556,United States,England,Argentina
7557,Portugal,Ecuador,Colombia
7558,Canada,Australia,Spain
7559,Argentina,Spain,France
7560,Germany,Argentina,England
7561,Spain,Brazil,France
7562,Netherlands,Argentina,England
7563,France,Brazil,Belgium
7564,Argentina,Netherlands,Portugal
7565,Argentina,Netherlands,Japan
7566,Croatia,Argentina,Brazil
7567,Morocco,Australia,Spain
7568,Argentina,Belgium,Mexico
7569,France,Colombia,Ivory Coast
7570,Mexico,Spain,Algeria
7571,Norway,Spain,France
7572,Austria,England,Germany
7573,England,France,Australia
7574,Argentina,Canada,Brazil
7575,United States,Ivory Coast,Germany
7576,Colombia,Germany,Ecuador
7577,France,Colombia,United States
7578,Colombia,Sweden,Mexico
7579,Japan,Spain,Netherlands
7580,England,Spain,France
7581,Mexico,France,Argentina
7582,Germany,Norway,United States
7583,Argentina,Austria,Canada
7584,Spain,Colombia,Germany
7585,Argentina,United States,England
7586,Argentina,Austria,Germany
7587,Brazil,Sweden,Portugal
7588,Argentina,Canada,Norway
7589,Ivory Coast,Belgium,Colombia
7590,Switzerland,Spain,France
7591,France,Japan,Croatia
7592,Japan,Portugal,Argentina
7593,Argentina,Senegal,Germany
7594,Senegal,Argentina,France
7595,England,Spain,Colombia
7596,Norway,Netherlands,Portugal
7597,Brazil,Croatia,Argentina
7598,Belgium,Japan,France
7599,Morocco,Switzerland,Japan
7600,Brazil,Spain,France
7601,Argentina,United States,Sweden
7602,Spain,Colombia,Japan
7603,Argentina,Portugal,Mexico
7604,England,France,Senegal
7605,Spain,England,France
7606,Netherlands,Argentina,Belgium
7607,Germany,Australia,Ecuador
7608,Spain,Algeria,Ecuador
7609,Japan,Portugal,Sweden
7610,England,France,Colombia
7611,England,Canada,Australia
7612,England,France,Colombia
7613,Spain,Colombia,Brazil
7614,Canada,England,Colombia
7615,Algeria,Spain,France
7616,France,Algeria,Portugal
7617,Argentina,Spain,England
7618,Portugal,Argentina,Brazil
7619,Morocco,Japan,Belgium
7620,France,Congo DR,Colombia
7621,Netherlands,Mexico,Colombia
7622,Ivory Coast,Sweden,Portugal
7623,Switzerland,Spain,Brazil
7624,Portugal,Switzerland,England
7625,England,Netherlands,Argentina
7626,Japan,Croatia,Netherlands
7627,Portugal,Colombia,France
7628,Senegal,Colombia,Morocco
7629,England,Netherlands,Algeria
7630,Belgium,Argentina,Morocco
7631,Spain,Japan,Netherlands
7632,Portugal,Switzerland,France
7633,Colombia,France,Brazil
7634,Spain,England,Germany
7635,France,Ivory Coast,Spain
7636,Mexico,Netherlands,Senegal
7637,Argentina,Canada,Austria
7638,England,Canada,Senegal
7639,Colombia,Germany,United States
7640,Netherlands,Argentina,Japan
7641,France,Argentina,Senegal
7642,Egypt,Spain,Ecuador
7643,Norway,France,Argentina
7644,France,Brazil,Colombia
7645,England,Portugal,Argentina
7646,Cape Verde Islands,Portugal,Germany
7647,Portugal,Switzerland,England
7648,Japan,France,Argentina
7649,England,Belgium,Egypt
7650,Spain,Mexico,France
7651,United States,Japan,Colombia
7652,Brazil,United States,Netherlands
7653,Argentina,United States,Japan
7654,Brazil,Belgium,Australia
7655,Colombia,France,England
7656,Belgium,Mexico,Canada
7657,Colombia,Croatia,Netherlands
7658,England,Canada,Colombia
7659,France,Switzerland,Belgium
7660,Sweden,Mexico,United States
7661,Norway,Belgium,Netherlands
7662,Spain,Colombia,Canada
7663,Spain,Norway,Netherlands
7664,Germany,Brazil,Argentina
7665,England,Portugal,Netherlands
7666,Belgium,Mexico,Argentina
7667,Belgium,Argentina,Brazil
7668,France,England,Portugal
7669,France,England,Belgium
7670,Algeria,Spain,Mexico
7671,France,Ecuador,Argentina
7672,Australia,Belgium,Morocco
7673,France,England,Spain
7674,Argentina,France,Mexico
7675,Germany,Argentina,Ecuador
7676,France,Japan,Algeria
7677,Brazil,Belgium,Algeria
7678,United States,Argentina,England
7679,Netherlands,England,Switzerland
7680,Spain,Mexico,Morocco
7681,Norway,Canada,Algeria
7682,Netherlands,England,Senegal
7683,Germany,England,Spain
7684,Brazil,Belgium,Colombia
7685,Senegal,England,Morocco
7686,Argentina,Belgium,France
7687,England,Portugal,Colombia
7688,England,Spain,France
7689,Argentina,Belgium,France
7690,Mexico,Germany,Senegal
7691,France,England,Argentina
7692,England,Spain,France
7693,Spain,Argentina,Brazil
7694,Argentina,Portugal,Morocco
7695,Colombia,Morocco,Belgium
7696,Brazil,Spain,France
7697,Paraguay,Brazil,Switzerland
7698,Japan,Spain,Australia
7699,Argentina,France,Spain
7700,Brazil,France,Spain
7701,England,Netherlands,Spain
7702,Netherlands,England,Argentina
7703,Argentina,Germany,Senegal
7704,Portugal,Mexico,France
7705,Spain,England,France
7706,Morocco,Colombia,Mexico
7707,Spain,Brazil,Colombia
7708,Ecuador,Croatia,Germany
7709,Argentina,Spain,Paraguay
7710,Spain,Japan,Colombia
7711,England,France,Argentina
7712,France,Colombia,Brazil
7713,England,Spain,Argentina
7714,Colombia,Netherlands,Belgium
7715,Australia,Morocco,England
7716,Brazil,France,Algeria
7717,Morocco,England,Croatia
7718,Spain,Colombia,Morocco
7719,Mexico,Belgium,Argentina
7720,France,Argentina,Portugal
7721,Argentina,Croatia,Germany
7722,United States,Mexico,Argentina
7723,England,Spain,Netherlands
7724,France,Argentina,Norway
7725,Mexico,Portugal,Netherlands
7726,Morocco,Algeria,Japan
7727,Argentina,Paraguay,United States
7728,England,Portugal,France
7729,Spain,England,Argentina
7730,England,Germany,Spain
7731,Germany,Brazil,Spain
7732,Austria,Brazil,Netherlands
7733,Brazil,Canada,Portugal
7734,Argentina,Germany,England
7735,Argentina,Senegal,Norway
7736,Spain,England,Canada
7737,Brazil,Spain,Switzerland
7738,Spain,Ivory Coast,Paraguay
7739,England,Spain,Germany
7740,France,Switzerland,Spain
7741,United States,England,Colombia
7742,Netherlands,England,Argentina
7743,Japan,Spain,Argentina
7744,Japan,France,Australia
7745,Spain,Japan,Colombia
7746,France,Argentina,Brazil
7747,Belgium,Japan,Colombia
7748,Morocco,Colombia,Mexico
7749,France,Argentina,England
7750,France,Brazil,Argentina
7751,Spain,Congo DR,France
7752,Argentina,France,Brazil
7753,France,Brazil,Argentina
7754,England,Spain,Germany
7755,Netherlands,Norway,Argentina
7756,Ivory Coast,Croatia,Colombia
7757,Germany,Colombia,Spain
7758,Spain,Argentina,Germany
7759,Argentina,Spain,Mexico
7760,France,Egypt,United States
7761,Ivory Coast,Sweden,Switzerland
7762,Argentina,Croatia,Brazil
7763,England,Portugal,Argentina
7764,Morocco,Mexico,Algeria
7765,Mexico,Croatia,Paraguay
7766,Morocco,Japan,Belgium
7767,Argentina,France,England
7768,France,Argentina,Austria
7769,Portugal,Argentina,Ivory Coast
7770,Belgium,Ivory Coast,Netherlands
7771,Spain,Ecuador,Argentina
7772,England,Spain,France
7773,Ivory Coast,France,Algeria
7774,England,Croatia,Argentina
7775,Senegal,England,France
7776,Mexico,Germany,Austria
7777,Netherlands,Japan,Spain
7778,Netherlands,Argentina,England
7779,Argentina,Germany,Spain
7780,England,Morocco,Argentina
7781,Colombia,Senegal,Sweden
7782,Spain,Argentina,Mexico
7783,United States,England,Argentina
7784,Algeria,Spain,Ecuador
7785,Argentina,Germany,England
7786,Senegal,Ecuador,Paraguay
7787,Spain,Colombia,Brazil
7788,France,Japan,United States
7789,England,Netherlands,Portugal
7790,France,Algeria,Spain
7791,Brazil,France,Algeria
7792,France,Argentina,Norway
7793,Sweden,Argentina,Senegal
7794,Spain,England,Canada
7795,Argentina,Germany,Portugal
7796,England,Senegal,Germany
7797,Australia,Portugal,France
7798,Spain,England,Argentina
7799,Croatia,Japan,Argentina
7800,France,Argentina,Ivory Coast
7801,Argentina,Belgium,England
7802,Morocco,Colombia,Japan
7803,France,Colombia,England
7804,England,Spain,Argentina
7805,Brazil,France,Spain
7806,Spain,Brazil,Netherlands
7807,Germany,Ecuador,Belgium
7808,Brazil,France,United States
7809,Algeria,Canada,England
7810,Portugal,Switzerland,France
7811,England,Spain,Canada
7812,Spain,Japan,Argentina
7813,Japan,Netherlands,Australia
7814,Argentina,Spain,England
7815,Spain,Argentina,England
7816,France,Egypt,Belgium
7817,France,Colombia,Spain
7818,Morocco,Colombia,Austria
7819,France,England,Argentina
7820,Spain,England,France
7821,Argentina,Spain,Mexico
7822,Norway,Morocco,Australia
7823,Netherlands,England,Spain
7824,Portugal,Colombia,Netherlands
7825,Spain,Ivory Coast,Argentina
7826,Argentina,Spain,England
7827,Switzerland,Belgium,Netherlands
7828,Argentina,France,Spain
7829,Morocco,Argentina,Brazil
7830,Argentina,Netherlands,England
7831,Argentina,United States,England
7832,Belgium,Colombia,France
7833,France,England,Croatia
7834,England,Senegal,Algeria
7835,France,Algeria,Croatia
7836,Japan,Germany,Argentina
7837,Portugal,Japan,Argentina
7838,England,France,Spain
7839,England,Belgium,Netherlands
7840,Brazil,France,Belgium
7841,France,Mexico,Algeria
7842,Canada,Mexico,Portugal
7843,Argentina,Germany,Senegal
7844,Netherlands,Brazil,Austria
7845,France,England,Spain
7846,France,Colombia,Spain
7847,Germany,England,Switzerland
7848,Canada,Norway,Argentina
7849,Germany,Colombia,Spain
7850,Argentina,France,Japan
7851,France,Egypt,Portugal
7852,France,Ecuador,Bosnia-Herzegovina
7853,Spain,Argentina,Paraguay
7854,Belgium,Colombia,Canada
7855,Netherlands,Argentina,Ecuador
7856,Morocco,Argentina,Norway
7857,France,England,Portugal
7858,Brazil,France,Colombia
7859,Japan,Morocco,Argentina
7860,England,France,Senegal
7861,England,Canada,Spain
7862,Colombia,Canada,Ivory Coast
7863,Belgium,Colombia,Netherlands
7864,Argentina,Belgium,Netherlands
7865,Mexico,Croatia,Algeria
7866,Brazil,France,Portugal
7867,France,England,Egypt
7868,Netherlands,Japan,Argentina
7869,Germany,Japan,Spain
7870,Portugal,Japan,Netherlands
7871,Spain,Ecuador,Netherlands
7872,Germany,Japan,Australia
7873,Argentina,Netherlands,Spain
7874,United States,Algeria,Morocco
7875,France,Argentina,Belgium
7876,France,Algeria,England
7877,France,Argentina,England
7878,England,Morocco,Ghana
7879,France,Brazil,Spain
7880,Egypt,Spain,Ecuador
7881,Austria,Argentina,Mexico
7882,Germany,Colombia,Portugal
7883,France,Brazil,United States
7884,Australia,Canada,Mexico
7885,England,Spain,Colombia
7886,Netherlands,Ghana,Croatia
7887,England,Spain,Canada
7888,Argentina,Spain,Mexico
7889,Spain,Switzerland,England
7890,Argentina,France,Spain
7891,Netherlands,Ecuador,Portugal
7892,Spain,Brazil,Argentina
7893,Argentina,Germany,Spain
7894,Spain,England,Algeria
7895,France,Brazil,United States
7896,Spain,Colombia,France
7897,Germany,Ghana,Belgium
7898,Brazil,Portugal,Sweden
7899,France,Mexico,Belgium
7900,Senegal,Argentina,England
7901,Morocco,Australia,Ivory Coast
7902,Morocco,Colombia,Spain
7903,Japan,Spain,Argentina
7904,England,Croatia,France
7905,Brazil,Croatia,Netherlands
7906,France,Brazil,Belgium
7907,Ivory Coast,France,Argentina
7908,Germany,Japan,Argentina
7909,England,France,Switzerland
7910,Argentina,Belgium,Morocco
7911,Morocco,Switzerland,England
7912,Switzerland,Germany,Ivory Coast
7913,Portugal,Argentina,Brazil
7914,France,Argentina,Ivory Coast
7915,Colombia,United States,Germany
7916,England,Canada,Belgium
7917,Norway,Croatia,France
7918,Colombia,France,Japan
7919,Morocco,Argentina,Mexico
7920,Argentina,France,Senegal
7921,Colombia,France,England
7922,Portugal,Colombia,France
7923,France,Colombia,Spain
7924,Spain,Ghana,Canada
7925,England,Canada,Colombia
7926,Colombia,Belgium,England
7927,Argentina,Bosnia-Herzegovina,France
7928,England,Netherlands,Argentina
7929,Belgium,Argentina,Sweden
7930,France,England,Argentina
7931,Argentina,Spain,Japan
7932,Egypt,Croatia,England
7933,Argentina,Spain,Mexico
7934,Portugal,Brazil,Netherlands
7935,Portugal,Mexico,Morocco
7936,Senegal,Argentina,Japan
7937,France,Mexico,Argentina
7938,France,Ghana,Brazil
7939,Colombia,France,Portugal
7940,Spain,Mexico,Algeria
7941,Argentina,Germany,Austria
7942,Spain,Mexico,France
7943,Switzerland,Morocco,Spain
7944,Belgium,Ivory Coast,Australia
7945,France,Ivory Coast,Spain
7946,Argentina,Portugal,Germany
7947,Australia,Portugal,Netherlands
7948,Egypt,Croatia,Canada
7949,Australia,Spain,Germany
7950,Argentina,Spain,England
7951,Argentina,Canada,Ivory Coast
7952,Spain,Ecuador,Argentina
7953,Argentina,Senegal,Japan
7954,Portugal,Ivory Coast,Argentina
7955,Algeria,Senegal,England
7956,Brazil,France,Senegal
7957,Austria,England,Paraguay
7958,Argentina,Germany,Brazil
7959,Belgium,England,Germany
7960,England,Senegal,Germany
7961,France,Mexico,Argentina
7962,Germany,England,Argentina
7963,England,Spain,Algeria
7964,Brazil,France,Switzerland
7965,France,Argentina,England
7966,Argentina,Canada,Norway
7967,Argentina,Spain,Brazil
7968,Argentina,Belgium,Brazil
7969,Spain,Japan,Colombia
7970,Colombia,Canada,England
7971,Paraguay,Argentina,England
7972,England,United States,Australia
7973,Brazil,Paraguay,Argentina
7974,Netherlands,Argentina,Spain
7975,Belgium,Algeria,Germany
7976,Japan,Belgium,France
7977,Spain,Brazil,Colombia
7978,Argentina,Portugal,Brazil
7979,Ivory Coast,Spain,France
7980,Spain,Colombia,Brazil
7981,Ivory Coast,Senegal,Argentina
7982,Argentina,Germany,Austria
7983,Brazil,Germany,Spain
7984,Canada,Switzerland,Portugal
7985,Argentina,Spain,Ecuador
7986,Argentina,Netherlands,Belgium
7987,Morocco,England,Switzerland
7988,Brazil,Portugal,Argentina
7989,France,Brazil,Argentina
7990,France,Argentina,Brazil
7991,Colombia,Paraguay,Portugal
7992,Brazil,Portugal,Morocco
7993,France,England,Argentina
7994,Spain,England,France
7995,Spain,Argentina,Netherlands
7996,Portugal,Argentina,Norway
7997,Spain,Egypt,Canada
7998,Switzerland,Germany,Spain
7999,France,England,Australia
8000,Croatia,Mexico,Argentina
8001,France,England,Argentina
8002,France,Australia,Belgium
8003,Belgium,Colombia,Germany
8004,Spain,Ecuador,Canada
8005,Colombia,Senegal,Norway
8006,France,Brazil,Argentina
8007,Argentina,Portugal,Norway
8008,Morocco,Mexico,Ghana
8009,Spain,Ivory Coast,Switzerland
8010,France,Ivory Coast,Argentina
8011,Algeria,France,Mexico
8012,Argentina,Spain,Brazil
8013,Argentina,Canada,Norway
8014,England,Spain,Switzerland
8015,Germany,Algeria,Mexico
8016,England,Portugal,Cape Verde Islands
8017,Argentina,Portugal,Brazil
8018,Argentina,Belgium,England
8019,France,Algeria,United States
8020,Netherlands,Japan,Argentina
8021,Argentina,Netherlands,Ivory Coast
8022,Spain,Ivory Coast,Colombia
8023,France,Mexico,Portugal
8024,England,Germany,Argentina
8025,France,Argentina,Mexico
8026,France,England,Spain
8027,Croatia,Argentina,France
8028,Austria,Argentina,Germany
8029,Mexico,Canada,Argentina
8030,Portugal,Norway,Algeria
8031,Argentina,Morocco,Spain
8032,England,France,Portugal
8033,Argentina,Croatia,France
8034,Colombia,France,England
8035,Japan,Belgium,Germany
8036,Portugal,Algeria,Canada
8037,Portugal,Brazil,Argentina
8038,Norway,France,Algeria
8039,Mexico,Spain,Paraguay
8040,Germany,Switzerland,Norway
8041,France,Colombia,Brazil
8042,Germany,Switzerland,England
8043,Portugal,Ivory Coast,Canada
8044,Brazil,Germany,Portugal
8045,Argentina,Spain,Morocco
8046,Argentina,Germany,Belgium
8047,France,Colombia,Belgium
8048,Spain,Brazil,Colombia
8049,France,Argentina,Norway
8050,Belgium,Ivory Coast,Colombia
8051,Netherlands,Switzerland,Croatia
8052,Switzerland,Belgium,Brazil
8053,Spain,Japan,Argentina
8054,Canada,Argentina,Portugal
8055,Argentina,France,Mexico
8056,Brazil,Germany,Argentina
8057,Australia,Germany,Belgium
8058,Portugal,Cape Verde Islands,England
8059,Colombia,Germany,Portugal
8060,Mexico,Netherlands,Argentina
8061,Argentina,Belgium,England
8062,Japan,France,Portugal
8063,Morocco,England,Portugal
8064,Spain,Argentina,Japan
8065,Argentina,Canada,Spain
8066,Spain,Argentina,France
8067,Spain,England,Paraguay
8068,Switzerland,Canada,Brazil
8069,Argentina,Senegal,Canada
8070,Norway,United States,Colombia
8071,France,Norway,United States
8072,England,Germany,Argentina
8073,Senegal,Brazil,Netherlands
8074,Japan,Spain,Australia
8075,France,Switzerland,Belgium
8076,Mexico,Belgium,Argentina
8077,England,Germany,Switzerland
8078,France,Colombia,Portugal
8079,Congo DR,Belgium,Switzerland
8080,Argentina,Spain,France
8081,Algeria,France,Belgium
8082,Norway,France,Senegal
8083,Belgium,Norway,Algeria
8084,Argentina,Belgium,France
8085,France,England,United States
8086,France,Ecuador,Switzerland
8087,Austria,Ivory Coast,Cape Verde Islands
8088,Senegal,Mexico,Argentina
8089,France,Norway,Australia
8090,England,France,Colombia
8091,Brazil,Portugal,Australia
8092,Spain,Colombia,Japan
8093,Senegal,Argentina,France
8094,France,Australia,Ecuador
8095,England,Senegal,France
8096,Ecuador,France,Argentina
8097,Portugal,Egypt,France
8098,France,Algeria,England
8099,Argentina,Portugal,Japan
8100,England,Morocco,Argentina
8101,Japan,France,Ghana
8102,France,Colombia,Spain
8103,Argentina,Netherlands,Spain
8104,Egypt,Morocco,Spain
8105,Argentina,France,Brazil
8106,Belgium,Ivory Coast,Algeria
8107,Morocco,Argentina,Ivory Coast
8108,Netherlands,Argentina,England
8109,Spain,Colombia,Germany
8110,England,Belgium,Switzerland
8111,Belgium,England,Morocco
8112,Colombia,Spain,Canada
8113,Australia,Spain,Japan
8114,France,Argentina,Portugal
8115,Mexico,Spain,Argentina
8116,Argentina,Croatia,England
8117,Brazil,Canada,Spain
8118,Argentina,Spain,France
8119,Ivory Coast,Morocco,Senegal
8120,Mexico,Belgium,Germany
8121,Spain,Congo DR,Morocco
8122,Australia,France,Brazil
8123,Japan,Portugal,Canada
8124,Japan,France,Colombia
8125,Switzerland,Morocco,Austria
8126,Brazil,Spain,Germany
8127,France,England,United States
8128,Colombia,Belgium,France
8129,Argentina,Spain,Germany
8130,Mexico,Germany,Switzerland
8131,Belgium,Colombia,England
8132,Morocco,Norway,Austria
8133,Portugal,Argentina,Germany
8134,Brazil,France,Spain
8135,Spain,Australia,Netherlands
8136,Argentina,Spain,England
8137,Argentina,Canada,Ecuador
8138,Morocco,Argentina,England
8139,Ghana,Morocco,England
8140,Colombia,Germany,England
8141,Switzerland,France,Ivory Coast
8142,Argentina,United States,France
8143,Netherlands,Norway,Argentina
8144,Senegal,Ivory Coast,Algeria
8145,Mexico,Austria,Argentina
8146,Germany,Mexico,Colombia
8147,France,Colombia,England
8148,Belgium,Japan,Argentina
8149,Argentina,Morocco,Senegal
8150,France,Brazil,Spain
8151,England,Austria,Argentina
8152,Argentina,France,Portugal
8153,Belgium,Argentina,Paraguay
8154,Egypt,Bosnia-Herzegovina,Congo DR
8155,Croatia,Norway,Germany
8156,Switzerland,Netherlands,Portugal
8157,Brazil,Germany,Belgium
8158,Morocco,Brazil,Egypt
8159,France,Norway,United States
8160,Argentina,United States,Brazil
8161,Argentina,Morocco,Spain
8162,Argentina,Morocco,Spain
8163,France,Switzerland,Austria
8164,Argentina,Spain,Brazil
8165,Argentina,Croatia,England
8166,France,Cape Verde Islands,Austria
8167,Colombia,Spain,Mexico
8168,Germany,Argentina,Belgium
8169,Germany,Argentina,England
8170,Egypt,France,Mexico
8171,Algeria,Netherlands,Brazil
8172,Croatia,England,Germany
8173,Argentina,Belgium,Morocco
8174,Germany,Switzerland,England
8175,Switzerland,France,Japan
8176,Ecuador,Netherlands,Portugal
8177,Spain,Brazil,Colombia
8178,Portugal,Argentina,Sweden
8179,Argentina,Netherlands,Spain
8180,Japan,Belgium,Colombia
8181,Canada,Algeria,England
8182,Brazil,Morocco,Switzerland
8183,Belgium,Argentina,Netherlands
8184,Croatia,Egypt,Brazil
8185,Spain,Australia,Netherlands
8186,Argentina,Portugal,England
8187,Germany,Mexico,Algeria
8188,Argentina,France,United States
8189,Morocco,Colombia,England
8190,France,Colombia,Spain
8191,Netherlands,Australia,Mexico
8192,Morocco,Mexico,Colombia
8193,Ivory Coast,United States,Germany
8194,Colombia,France,Spain
8195,Norway,France,Belgium
8196,Mexico,Morocco,Portugal
8197,Algeria,Belgium,Mexico
8198,Argentina,Morocco,Brazil
8199,Spain,Brazil,France
8200,Spain,Ivory Coast,Netherlands
8201,Portugal,Ecuador,Canada
8202,Argentina,Germany,England
8203,Australia,Canada,England
8204,Belgium,Mexico,France
8205,England,Germany,Colombia
8206,Australia,United States,Netherlands
8207,Argentina,Netherlands,Japan
8208,England,Netherlands,Argentina
8209,France,Japan,Spain
8210,Argentina,Morocco,Senegal
8211,France,Argentina,Spain
8212,Argentina,France,Spain
8213,Colombia,Canada,United States
8214,Argentina,Spain,Netherlands
8215,Brazil,Portugal,Germany
8216,England,Spain,Colombia
8217,Mexico,France,Colombia
8218,United States,Mexico,Switzerland
8219,Colombia,Spain,Japan
8220,Germany,England,Colombia
8221,Spain,Algeria,England
8222,Ivory Coast,Austria,Argentina
8223,Norway,Netherlands,Spain
8224,Austria,Switzerland,France
8225,Colombia,Spain,Ecuador
8226,Spain,Argentina,Germany
8227,Colombia,Netherlands,England
8228,Spain,Switzerland,England
8229,France,England,Switzerland
8230,Netherlands,Argentina,Belgium
8231,Brazil,Spain,Switzerland
8232,Japan,Spain,Egypt
8233,Argentina,Spain,England
8234,Australia,Portugal,England
8235,England,Morocco,Spain
8236,Egypt,Sweden,England
8237,Argentina,Portugal,Norway
8238,Netherlands,Japan,Spain
8239,Colombia,Belgium,Mexico
8240,Spain,Ecuador,Argentina
8241,Canada,Argentina,Japan
8242,France,Ivory Coast,Spain
8243,Japan,Germany,Argentina
8244,Brazil,United States,Argentina
8245,Brazil,Belgium,Colombia
8246,Switzerland,Netherlands,Ivory Coast
8247,Belgium,Norway,Colombia
8248,Brazil,France,Belgium
8249,England,Belgium,Australia
8250,Argentina,Netherlands,Spain
8251,Argentina,Portugal,Ivory Coast
8252,Netherlands,Colombia,United States
8253,Japan,Spain,Germany
8254,Portugal,Mexico,Australia
8255,Germany,Switzerland,England
8256,Spain,Ivory Coast,Australia
8257,France,Norway,Argentina
8258,Argentina,Netherlands,Norway
8259,France,Argentina,Croatia
8260,Brazil,Germany,Switzerland
8261,Mexico,Portugal,Morocco
8262,France,Japan,Spain
8263,Portugal,Colombia,Brazil
8264,Spain,England,Netherlands
8265,France,Argentina,Norway
8266,Senegal,Argentina,Germany
8267,Spain,Argentina,Japan
8268,Morocco,Ecuador,Portugal
8269,Netherlands,Brazil,Belgium
8270,Argentina,Netherlands,Austria
8271,England,Netherlands,Croatia
8272,Canada,Algeria,Spain
8273,Canada,Norway,United States
8274,England,Belgium,Germany
8275,France,Argentina,Brazil
8276,Argentina,France,Portugal
8277,Senegal,Ghana,Germany
8278,Spain,Argentina,France
8279,Argentina,Bosnia-Herzegovina,Brazil
8280,France,Ivory Coast,Senegal
8281,Japan,Morocco,Argentina
8282,Egypt,Germany,England
8283,Morocco,Brazil,Egypt
8284,Netherlands,Brazil,Spain
8285,Argentina,Germany,England
8286,Germany,Argentina,England
8287,Canada,Egypt,Belgium
8288,France,Brazil,Portugal
8289,France,Argentina,England
8290,England,Canada,Spain
8291,Belgium,Colombia,Japan
8292,Germany,Argentina,England
8293,Argentina,Germany,Brazil
8294,Colombia,Netherlands,England
8295,Spain,Mexico,France
8296,Spain,Switzerland,France
8297,Spain,Ghana,Japan
8298,Japan,Belgium,Canada
8299,France,England,Spain
8300,Germany,Argentina,Belgium
8301,Netherlands,Brazil,Argentina
8302,Egypt,France,Norway
8303,France,Brazil,Algeria
8304,Spain,Ivory Coast,Colombia
8305,Spain,Colombia,England
8306,England,Spain,Paraguay
8307,England,Belgium,Argentina
8308,Colombia,Canada,Belgium
8309,Ivory Coast,France,Bosnia-Herzegovina
8310,Netherlands,Ecuador,Spain
8311,England,Netherlands,Australia
8312,England,France,Belgium
8313,France,England,Argentina
8314,France,Ivory Coast,Spain
8315,Argentina,Belgium,Mexico
8316,France,Colombia,Ivory Coast
8317,France,Japan,Colombia
8318,Belgium,Egypt,Canada
8319,Argentina,Austria,Canada
8320,Netherlands,Japan,United States
8321,Spain,Argentina,England
8322,France,Argentina,Norway
8323,France,Mexico,Colombia
8324,England,France,Belgium
8325,Colombia,Belgium,Brazil
8326,England,Portugal,France
8327,Colombia,Portugal,Netherlands
8328,France,Japan,Egypt
8329,Sweden,Colombia,Ecuador
8330,Spain,Argentina,France
8331,Belgium,Norway,Argentina
8332,England,Spain,France
8333,Colombia,Austria,Netherlands
8334,France,Argentina,Japan
8335,Germany,Argentina,Brazil
8336,France,Argentina,Austria
8337,Belgium,Brazil,Switzerland
8338,Argentina,Spain,England
8339,Spain,Argentina,Brazil
8340,Colombia,Spain,France
8341,Spain,Norway,France
8342,Spain,Ivory Coast,Switzerland
8343,England,Belgium,Ghana
8344,England,United States,Argentina
8345,Egypt,Netherlands,Brazil
8346,Japan,Portugal,Sweden
8347,Colombia,Belgium,France
8348,Congo DR,United States,Colombia
8349,France,Colombia,Spain
8350,Argentina,Portugal,Canada
8351,France,Japan,Australia
8352,Bosnia-Herzegovina,Colombia,Brazil
8353,Japan,United States,Algeria
8354,Spain,Brazil,Colombia
8355,Argentina,Austria,Ecuador
8356,England,Spain,France
8357,Argentina,Portugal,Netherlands
8358,Mexico,Germany,Spain
8359,Japan,Spain,France
8360,Belgium,Argentina,Japan
8361,England,Paraguay,Argentina
8362,Spain,Japan,Canada
8363,Argentina,Spain,France
8364,Argentina,Spain,France
8365,Ivory Coast,United States,Argentina
8366,Ivory Coast,Belgium,Morocco
8367,England,France,Cape Verde Islands
8368,Netherlands,Ecuador,Croatia
8369,Norway,Spain,France
8370,Canada,Brazil,Argentina
8371,France,Argentina,United States
8372,Mexico,Portugal,Switzerland
8373,Brazil,Belgium,Canada
8374,Colombia,Spain,Brazil
8375,Spain,Argentina,Canada
8376,United States,Brazil,Germany
8377,Germany,Colombia,Norway
8378,Colombia,Spain,Germany
8379,Portugal,Australia,Sweden
8380,Argentina,Germany,Ivory Coast
8381,Colombia,Spain,England
8382,Germany,Argentina,England
8383,France,Argentina,Belgium
8384,Argentina,Netherlands,Brazil
8385,Ivory Coast,Senegal,Germany
8386,Spain,Switzerland,Japan
8387,France,Switzerland,United States
8388,Brazil,Portugal,Colombia
8389,Colombia,Canada,Ivory Coast
8390,Morocco,England,Argentina
8391,France,Japan,Croatia
8392,Australia,France,Belgium
8393,Morocco,Argentina,Spain
8394,Argentina,Portugal,Canada
8395,Netherlands,Mexico,Belgium
8396,Morocco,England,Belgium
8397,Ecuador,Austria,Argentina
8398,Mexico,Spain,Canada
8399,Portugal,Argentina,Japan
8400,Portugal,Australia,Germany
8401,Argentina,France,Spain
8402,England,Belgium,France
8403,France,England,Belgium
8404,England,Netherlands,Colombia
8405,Germany,Brazil,Spain
8406,Spain,Norway,Argentina
8407,France,Norway,Senegal
8408,Spain,Colombia,France
8409,France,England,Argentina
8410,Switzerland,Belgium,Ecuador
8411,Argentina,Spain,Norway
8412,Argentina,Portugal,Norway
8413,Portugal,Argentina,Brazil
8414,England,Canada,Austria
8415,Brazil,United States,Australia
8416,United States,Australia,France
8417,Germany,Australia,Portugal
8418,Portugal,Argentina,France
8419,Germany,Brazil,Portugal
8420,Canada,Cape Verde Islands,Spain
8421,Canada,England,Portugal
8422,England,Portugal,France
8423,France,Egypt,Japan
8424,Argentina,Portugal,Ivory Coast
8425,Belgium,Argentina,Ecuador
8426,Spain,Australia,Brazil
8427,Spain,Egypt,Brazil
8428,Spain,England,Algeria
8429,Switzerland,Portugal,Norway
8430,Japan,Croatia,Canada
8431,Morocco,Argentina,United States
8432,Brazil,France,Argentina
8433,Germany,Algeria,Spain
8434,France,Switzerland,Brazil
8435,Brazil,France,Argentina
8436,Argentina,Portugal,Netherlands
8437,Spain,Australia,Morocco
8438,Spain,England,Paraguay
8439,France,Switzerland,Brazil
8440,Belgium,Algeria,France
8441,Spain,Argentina,Canada
8442,Argentina,Spain,Japan
8443,Argentina,Canada,England
8444,Mexico,Netherlands,Switzerland
8445,France,Argentina,Spain
8446,England,Netherlands,Colombia
8447,Ecuador,Spain,Argentina
8448,Ghana,Portugal,Netherlands
8449,Argentina,France,Austria
8450,Belgium,Japan,Germany
8451,Spain,Japan,France
8452,Argentina,Spain,England
8453,Argentina,Germany,Spain
8454,Mexico,Belgium,Argentina
8455,Ivory Coast,Netherlands,Colombia
8456,Egypt,France,United States
8457,Ecuador,Morocco,Portugal
8458,United States,Colombia,England
8459,Brazil,Netherlands,Spain
8460,Norway,Spain,Switzerland
8461,Mexico,Spain,Morocco
8462,Portugal,Mexico,Netherlands
8463,Argentina,France,Belgium
8464,Spain,Colombia,Canada
8465,Belgium,Japan,France
8466,Spain,Japan,Argentina
8467,Mexico,Croatia,Morocco
8468,Sweden,Norway,Argentina
8469,Japan,Austria,Argentina
8470,England,Portugal,Paraguay
8471,United States,England,Netherlands
8472,Portugal,Argentina,Japan
8473,France,Norway,Colombia
8474,Canada,Australia,Croatia
8475,England,Canada,Spain
8476,Portugal,Colombia,Brazil
8477,Mexico,France,Austria
8478,Belgium,Ecuador,Germany
8479,Germany,Norway,Spain
8480,Mexico,United States,Switzerland
8481,Argentina,United States,Japan
8482,Belgium,Argentina,Norway
8483,Germany,England,Argentina
8484,Colombia,Germany,Portugal
8485,France,Ghana,Portugal
8486,Austria,Brazil,Argentina
8487,England,Spain,France
8488,Netherlands,Brazil,Colombia
8489,France,Argentina,Spain
8490,Morocco,England,Senegal
8491,Algeria,Morocco,Brazil
8492,Australia,Netherlands,Belgium
8493,Canada,Argentina,Croatia
8494,Spain,Colombia,England
8495,Argentina,Canada,Senegal
8496,Germany,England,Switzerland
8497,United States,Brazil,Germany
8498,Belgium,Mexico,Germany
8499,England,Spain,Argentina
8500,Brazil,Spain,Colombia
8501,Germany,Ivory Coast,Colombia
8502,Argentina,Netherlands,Brazil
8503,Colombia,Spain,Germany
8504,Germany,Brazil,Australia
8505,Japan,United States,Canada
8506,Brazil,France,Spain
8507,Argentina,Spain,France
8508,Morocco,England,Spain
8509,Argentina,Germany,England
8510,England,Sweden,Switzerland
8511,Paraguay,Ivory Coast,Argentina
8512,Argentina,Austria,Ivory Coast
8513,Netherlands,Colombia,Spain
8514,France,Argentina,Belgium
8515,England,Portugal,France
8516,Spain,Ecuador,Argentina
8517,France,Argentina,Senegal
8518,Netherlands,Ecuador,Austria
8519,Spain,Mexico,Argentina
8520,Belgium,Egypt,Canada
8521,Argentina,Spain,Germany
8522,France,England,Belgium
8523,Belgium,Ivory Coast,Morocco
8524,Argentina,Austria,England
8525,Spain,Argentina,Norway
8526,England,United States,Canada
8527,Netherlands,Algeria,Portugal
8528,Belgium,England,Switzerland
8529,France,England,Colombia
8530,France,Egypt,Spain
8531,Netherlands,England,Argentina
8532,Belgium,Argentina,Japan
8533,Netherlands,Switzerland,Brazil
8534,Argentina,Sweden,Japan
8535,Argentina,Belgium,Canada
8536,Spain,Colombia,Mexico
8537,Spain,Argentina,Norway
8538,Belgium,England,Colombia
8539,Japan,Portugal,Switzerland
8540,Spain,Argentina,Brazil
8541,Morocco,Argentina,United States
8542,Germany,England,Switzerland
8543,Germany,Colombia,Ivory Coast
8544,Argentina,France,Spain
8545,Argentina,France,Spain
8546,Egypt,Canada,Belgium
8547,England,France,Spain
8548,France,England,Austria
8549,Netherlands,Argentina,Portugal
8550,Germany,Brazil,Colombia
8551,Morocco,Mexico,Argentina
8552,England,Morocco,Spain
8553,France,Argentina,Senegal
8554,France,Switzerland,Spain
8555,United States,Australia,England
8556,Mexico,Morocco,Argentina
8557,Belgium,Argentina,Germany
8558,Mexico,Spain,Argentina
8559,Portugal,Ecuador,Argentina
8560,Ivory Coast,Senegal,Australia
8561,France,Mexico,Portugal
8562,Australia,Netherlands,Spain
8563,Morocco,England,Croatia
8564,Norway,France,Spain
8565,France,Argentina,England
8566,Netherlands,England,Spain
8567,France,Norway,Spain
8568,Portugal,Mexico,Netherlands
8569,Croatia,Ecuador,Germany
8570,Brazil,France,Spain
8571,Spain,Argentina,Brazil
8572,Brazil,France,Colombia
8573,Argentina,United States,England
8574,France,Colombia,Japan
8575,Mexico,Spain,Argentina
8576,Mexico,Belgium,Germany
8577,Portugal,Ivory Coast,Egypt
8578,England,France,Colombia
8579,Brazil,Netherlands,United States
8580,France,Colombia,Spain
8581,England,Spain,Morocco
8582,Netherlands,Brazil,Belgium
8583,Switzerland,Spain,France
8584,Spain,England,Morocco
8585,Argentina,Belgium,France
8586,Belgium,Mexico,Sweden
8587,Spain,Brazil,Germany
8588,Ivory Coast,Portugal,Morocco
8589,Germany,Brazil,Australia
8590,Argentina,Netherlands,Croatia
8591,England,Belgium,Morocco
8592,Paraguay,Japan,Belgium
8593,Netherlands,Ivory Coast,Egypt
8594,England,Senegal,Australia
8595,Mexico,United States,Germany
8596,Brazil,France,Portugal
8597,Portugal,Algeria,Brazil
8598,Mexico,France,Portugal
8599,Belgium,Congo DR,Germany
8600,France,England,Switzerland
8601,Argentina,France,Ecuador
8602,Argentina,Germany,Mexico
8603,Spain,Norway,Australia
8604,Argentina,Germany,Spain
8605,Japan,Sweden,Switzerland
8606,Netherlands,Colombia,Portugal
8607,Argentina,France,Spain
8608,Switzerland,Belgium,Ecuador
8609,Spain,Australia,Brazil
8610,Sweden,Argentina,Mexico
8611,Canada,Brazil,Switzerland
8612,France,Mexico,Portugal
8613,France,Argentina,Spain
8614,Spain,Japan,Australia
8615,Colombia,Netherlands,Belgium
8616,France,England,Belgium
8617,Norway,Portugal,France
8618,England,Spain,France
8619,Spain,Colombia,Japan
8620,Spain,Mexico,Netherlands
8621,Colombia,Spain,France
8622,Brazil,Netherlands,Argentina
8623,Netherlands,Switzerland,Croatia
8624,Netherlands,Argentina,Belgium
8625,Mexico,Senegal,Morocco
8626,France,Argentina,England
8627,England,Belgium,Argentina
8628,Mexico,Netherlands,Argentina
8629,Argentina,France,England
8630,Austria,Colombia,England
8631,Norway,Spain,Australia
8632,Austria,Argentina,Canada
8633,Spain,Colombia,England
8634,Spain,England,Netherlands
8635,Paraguay,Switzerland,Ecuador
8636,Spain,Japan,Canada
8637,Ecuador,France,Colombia
8638,Portugal,Japan,Switzerland
8639,Argentina,United States,Netherlands
8640,England,Morocco,Egypt
8641,Paraguay,Argentina,England
8642,Morocco,Colombia,Brazil
8643,Japan,Canada,Argentina
8644,Japan,Spain,Switzerland
8645,Portugal,Argentina,Brazil
8646,Belgium,Norway,Argentina
8647,Argentina,Belgium,Norway
8648,Germany,Argentina,United States
8649,Canada,Ivory Coast,Spain
8650,Spain,Argentina,England
8651,Norway,Senegal,Egypt
8652,France,Egypt,Japan
8653,Mexico,Germany,Austria
8654,Spain,Algeria,France
8655,Argentina,France,Brazil
8656,France,Argentina,Norway
8657,Egypt,France,Croatia
8658,Germany,Colombia,Mexico
8659,England,Belgium,Argentina
8660,France,Argentina,Brazil
8661,France,Ivory Coast,Argentina
8662,Netherlands,England,Croatia
8663,Algeria,Morocco,Spain
8664,Colombia,Netherlands,Spain
8665,Australia,France,Spain
8666,Belgium,Colombia,Netherlands
8667,Spain,Argentina,Netherlands
8668,Portugal,Brazil,Argentina
8669,Spain,Norway,Argentina
8670,Australia,France,England
8671,Argentina,Spain,Ecuador
8672,Colombia,Croatia,Brazil
8673,Portugal,Egypt,England
8674,Argentina,Belgium,Mexico
8675,England,Spain,Switzerland
8676,Argentina,France,Japan
8677,Ecuador,Belgium,Switzerland
8678,France,England,Senegal
8679,Canada,Ecuador,Switzerland
8680,Argentina,Portugal,France
8681,France,Ivory Coast,Croatia
8682,France,Brazil,Egypt
8683,Argentina,Morocco,Japan
8684,Colombia,Senegal,Japan
8685,Portugal,Argentina,Ecuador
8686,France,Japan,Belgium
8687,Argentina,France,Portugal
8688,Argentina,Belgium,Ivory Coast
8689,Argentina,Belgium,Canada
8690,Argentina,France,Brazil
8691,Colombia,Senegal,Germany
8692,England,Germany,Belgium
8693,England,France,Argentina
8694,France,Australia,Portugal
8695,Mexico,France,Portugal
8696,Argentina,Netherlands,Japan
8697,Spain,Colombia,Norway
8698,England,United States,Morocco
8699,Egypt,France,Spain
8700,Croatia,Ivory Coast,Argentina
8701,England,Spain,Sweden
8702,Algeria,Spain,England
8703,Argentina,Senegal,Germany
8704,Spain,Argentina,Ivory Coast
8705,Argentina,France,England
8706,Portugal,Australia,Japan
8707,Spain,Colombia,England
8708,Netherlands,Egypt,Japan
8709,Croatia,England,France
8710,Netherlands,Japan,Portugal
8711,Belgium,Argentina,Japan
8712,Brazil,Spain,Algeria
8713,Canada,Egypt,Spain
8714,Canada,Brazil,Austria
8715,Argentina,Belgium,Germany
8716,Argentina,France,Senegal
8717,Japan,United States,France
8718,Switzerland,Portugal,Brazil
8719,Senegal,Switzerland,Germany
8720,Colombia,France,Spain
8721,Argentina,Morocco,England
8722,Argentina,Belgium,France
8723,England,Canada,Argentina
8724,France,Egypt,Spain
8725,Netherlands,Australia,Japan
8726,England,United States,Argentina
8727,United States,Argentina,Netherlands
8728,France,Ecuador,Portugal
8729,England,Spain,Colombia
8730,France,Japan,Spain
8731,Argentina,Senegal,England
8732,Germany,Argentina,England
8733,Senegal,Australia,France
8734,Portugal,Colombia,Paraguay
8735,Spain,Argentina,Japan
8736,Germany,Ivory Coast,Argentina
8737,Austria,Norway,Argentina
8738,France,Argentina,Brazil
8739,England,Germany,Spain
8740,Netherlands,Cape Verde Islands,Croatia
8741,Argentina,Spain,France
8742,France,Japan,Argentina
8743,Paraguay,Brazil,Portugal
8744,Portugal,Ivory Coast,Argentina
8745,Brazil,Netherlands,Egypt
8746,Germany,Japan,Argentina
8747,Morocco,Argentina,Brazil
8748,Spain,Brazil,Colombia
8749,France,Algeria,England
8750,France,England,Switzerland
8751,England,Belgium,Canada
8752,Norway,France,Senegal
8753,Brazil,United States,Colombia
8754,England,Belgium,France
8755,Germany,Australia,Brazil
8756,Australia,Belgium,Netherlands
8757,Brazil,Spain,Netherlands
8758,Argentina,Morocco,Brazil
8759,Argentina,France,Brazil
8760,Argentina,Portugal,France
8761,Mexico,Germany,Portugal
8762,Argentina,Morocco,Ivory Coast
8763,Spain,Ivory Coast,Colombia
8764,Belgium,Argentina,Japan
8765,Canada,Norway,Argentina
8766,Argentina,Portugal,Japan
8767,England,Belgium,Sweden
8768,Netherlands,Ghana,United States
8769,England,Spain,Colombia
8770,France,Argentina,England
8771,Argentina,Portugal,Ecuador
8772,England,France,Austria
8773,Spain,Japan,France
8774,Colombia,Portugal,Sweden
8775,Spain,Australia,France
8776,Argentina,Germany,Portugal
8777,Spain,Ecuador,Morocco
8778,Sweden,Brazil,Spain
8779,Mexico,Spain,Canada
8780,England,Portugal,Egypt
8781,Netherlands,Argentina,Japan
8782,England,Morocco,Colombia
8783,Germany,Argentina,Ivory Coast
8784,France,Brazil,Argentina
8785,Australia,France,Ecuador
8786,Germany,Argentina,United States
8787,Spain,Ghana,Netherlands
8788,Japan,United States,France
8789,Argentina,France,Mexico
8790,Mexico,Netherlands,Portugal
8791,France,Argentina,Croatia
8792,Spain,England,Colombia
8793,Argentina,Croatia,Germany
8794,Brazil,Morocco,Portugal
8795,Portugal,England,France
8796,England,France,Colombia
8797,Switzerland,Germany,Senegal
8798,Norway,Morocco,Argentina
8799,Argentina,Netherlands,England
8800,Argentina,Morocco,Spain
8801,Belgium,Australia,Canada
8802,Brazil,France,United States
8803,Mexico,Spain,Germany
8804,England,Portugal,Germany
8805,Netherlands,Switzerland,Mexico
8806,Argentina,Germany,Brazil
8807,United States,Norway,Switzerland
8808,Brazil,United States,France
8809,Argentina,France,Belgium
8810,France,Japan,Belgium
8811,France,Argentina,Spain
8812,Germany,Argentina,United States
8813,Paraguay,Argentina,Brazil
8814,Switzerland,France,Japan
8815,Colombia,United States,Germany
8816,Portugal,Argentina,France
8817,United States,England,Colombia
8818,Spain,England,Argentina
8819,Netherlands,Australia,Brazil
8820,England,Belgium,Argentina
8821,Portugal,Argentina,France
8822,France,England,Spain
8823,Colombia,France,Ivory Coast
8824,Argentina,Paraguay,Ivory Coast
8825,France,England,Argentina
8826,Portugal,Ecuador,Netherlands
8827,Argentina,France,United States
8828,Norway,Portugal,Morocco
8829,France,Colombia,Brazil
8830,Brazil,Netherlands,Argentina
8831,Ivory Coast,Paraguay,Argentina
8832,Japan,Spain,Morocco
8833,Spain,England,France
8834,Mexico,Germany,Belgium
8835,Mexico,Spain,Paraguay
8836,Congo DR,Spain,France
8837,England,Canada,Argentina
8838,England,United States,Canada
8839,France,Norway,Austria
8840,Brazil,Canada,Algeria
8841,Argentina,Germany,Brazil
8842,England,Morocco,Spain
8843,Spain,Mexico,Cape Verde Islands
8844,France,England,Senegal
8845,Switzerland,Germany,Croatia
8846,Brazil,Belgium,Netherlands
8847,Spain,Argentina,Germany
8848,France,Japan,Argentina
8849,Canada,Argentina,Belgium
8850,France,Colombia,Croatia
8851,Spain,Japan,Morocco
8852,Mexico,Croatia,Argentina
8853,England,Austria,Germany
8854,Netherlands,Australia,Spain
8855,Colombia,France,England
8856,Argentina,Morocco,Belgium
8857,Argentina,Portugal,Japan
8858,Spain,Brazil,Colombia
8859,Germany,Ecuador,Argentina
8860,France,England,Spain
8861,Brazil,France,Spain
8862,Colombia,Germany,United States
8863,Argentina,United States,France
8864,Spain,Argentina,Netherlands
8865,Belgium,England,Australia
8866,Spain,Brazil,Algeria
8867,Colombia,France,England
8868,Portugal,Colombia,Mexico
8869,France,Japan,Croatia
8870,United States,England,Cape Verde Islands
8871,Germany,Japan,Belgium
8872,Japan,Belgium,Argentina
8873,Spain,Algeria,France
8874,France,Egypt,Austria
8875,Argentina,Belgium,Ivory Coast
8876,Morocco,Norway,Portugal
8877,Colombia,Croatia,Germany
8878,Argentina,Portugal,England
8879,Mexico,Belgium,Argentina
8880,Argentina,Netherlands,Spain
8881,Argentina,France,Portugal
8882,Switzerland,France,Norway
8883,England,Portugal,Argentina
8884,Germany,Colombia,Spain
8885,Germany,Brazil,United States
8886,France,Colombia,Ecuador
8887,England,Netherlands,Belgium
8888,Morocco,Japan,Belgium
8889,England,France,United States
8890,Argentina,Belgium,Netherlands
8891,Argentina,France,Portugal
8892,France,Argentina,United States
8893,Brazil,France,Croatia
8894,England,France,Colombia
8895,France,Cape Verde Islands,Senegal
8896,France,Switzerland,Spain
8897,Netherlands,Australia,Belgium
8898,Argentina,Belgium,Brazil
8899,France,Japan,Colombia
8900,Belgium,Brazil,France
8901,Mexico,Netherlands,Argentina
8902,France,Brazil,Portugal
8903,Mexico,Belgium,Argentina
8904,Morocco,Ivory Coast,Switzerland
8905,Canada,Switzerland,Norway
8906,France,Egypt,Spain
8907,England,Belgium,Australia
8908,France,England,Spain
8909,England,United States,Morocco
8910,Mexico,France,Portugal
8911,Argentina,Canada,Belgium
8912,Argentina,Netherlands,Belgium
8913,Brazil,Belgium,Switzerland
8914,Portugal,Argentina,Ivory Coast
8915,Belgium,Argentina,Brazil
8916,Argentina,Canada,Portugal
8917,Belgium,Colombia,France
8918,Argentina,Austria,Brazil
8919,Portugal,Argentina,France
8920,Brazil,Belgium,Colombia
8921,Canada,Switzerland,Senegal
8922,Netherlands,Argentina,England
8923,Spain,Brazil,Colombia
8924,France,England,Portugal
8925,Brazil,Portugal,Argentina
8926,France,Norway,Spain
8927,United States,England,Australia
8928,Portugal,Brazil,Germany
8929,Mexico,France,Argentina
8930,England,Canada,Belgium
8931,Spain,Cape Verde Islands,Ivory Coast
8932,France,England,Argentina
8933,Spain,Colombia,England
8934,Australia,Sweden,Mexico
8935,Spain,Brazil,France
8936,Canada,England,Spain
8937,Sweden,Brazil,Algeria
8938,Germany,Ivory Coast,Argentina
8939,Mexico,Canada,Spain
8940,France,England,Egypt
8941,Germany,England,Spain
8942,Senegal,Ivory Coast,Argentina
8943,Argentina,Belgium,Germany
8944,Spain,Algeria,Canada
8945,Senegal,Australia,Ivory Coast
8946,Spain,Colombia,Netherlands
8947,Spain,Brazil,Argentina
8948,Ivory Coast,France,Spain
8949,Spain,Brazil,Colombia
8950,Mexico,France,United States
8951,Belgium,Brazil,Argentina
8952,France,Ivory Coast,Argentina
8953,England,Belgium,Canada
8954,Croatia,Norway,France
8955,Spain,Switzerland,Ecuador
8956,Argentina,Netherlands,Brazil
8957,Colombia,France,United States
8958,Spain,Argentina,Norway
8959,Portugal,Colombia,England
8960,Ecuador,Spain,Argentina
8961,England,Germany,Spain
8962,Canada,Japan,Belgium
8963,England,Netherlands,Argentina
8964,Croatia,Mexico,Canada
8965,Argentina,France,Ecuador
8966,England,Spain,Switzerland
8967,Australia,Portugal,Japan
8968,England,Morocco,Egypt
8969,Brazil,Morocco,Spain
8970,Spain,Mexico,Sweden
8971,Colombia,Belgium,Netherlands
8972,France,Egypt,Mexico
8973,Canada,Argentina,Japan
8974,Brazil,Germany,Belgium
8975,England,France,Argentina
8976,Argentina,Spain,France
8977,France,Colombia,Spain
8978,Brazil,Belgium,Germany
8979,Argentina,Paraguay,United States
8980,Belgium,Algeria,France
8981,Mexico,France,Argentina
8982,Colombia,Germany,Portugal
8983,France,Argentina,Mexico
8984,Morocco,Congo DR,Spain
8985,Netherlands,Ghana,Belgium
8986,Japan,Germany,Belgium
8987,Argentina,Netherlands,Croatia
8988,Morocco,Argentina,Belgium
8989,Argentina,Germany,Spain
8990,United States,England,France
8991,Germany,England,Austria
8992,Germany,Colombia,Spain
8993,Norway,Spain,Germany
8994,Egypt,Portugal,Japan
8995,Spain,Mexico,Morocco
8996,Argentina,Croatia,France
8997,Croatia,Mexico,Colombia
8998,Brazil,Portugal,France
8999,Portugal,Switzerland,England
9000,Canada,England,Spain
9001,Spain,Norway,France
9002,England,Croatia,Switzerland
9003,Argentina,Belgium,France
9004,Croatia,Colombia,Brazil
9005,England,Spain,Argentina
9006,France,Algeria,Mexico
9007,Japan,Netherlands,Colombia
9008,Netherlands,England,Spain
9009,Japan,Croatia,Netherlands
9010,United States,Egypt,Brazil
9011,England,Sweden,Belgium
9012,Mexico,Spain,Germany
9013,Portugal,England,Algeria
9014,France,Colombia,United States
9015,Mexico,United States,Argentina
9016,Sweden,Brazil,Spain
9017,Netherlands,Mexico,Portugal
9018,Spain,Australia,Germany
9019,England,Spain,Egypt
9020,Argentina,Netherlands,United States
9021,England,Spain,France
9022,France,Japan,Algeria
9023,Argentina,Netherlands,Belgium
9024,Belgium,Brazil,Canada
9025,Croatia,England,Germany
9026,Belgium,Switzerland,Mexico
9027,France,Argentina,Senegal
9028,Japan,Canada,Spain
9029,France,England,Egypt
9030,Brazil,Austria,Argentina
9031,Spain,Argentina,Morocco
9032,England,Netherlands,Argentina
9033,Argentina,Bosnia-Herzegovina,France
9034,England,France,Portugal
9035,Germany,Norway,Argentina
9036,Canada,Japan,Colombia
9037,Canada,Argentina,Spain
9038,Argentina,United States,Ecuador
9039,Argentina,Canada,Brazil
9040,Portugal,England,France
9041,Brazil,Portugal,Germany
9042,Argentina,United States,Germany
9043,Australia,Croatia,England
9044,France,Japan,Croatia
9045,Australia,Senegal,Japan
9046,Brazil,France,Spain
9047,England,Portugal,Germany
9048,Spain,Argentina,France
9049,Belgium,Argentina,Paraguay
9050,Spain,Ivory Coast,Argentina
9051,Spain,Norway,Canada
9052,France,Switzerland,Belgium
9053,Japan,Austria,France
9054,France,Mexico,Portugal
9055,Switzerland,Spain,France
9056,England,Morocco,Spain
9057,Mexico,Spain,Colombia
9058,Germany,Algeria,Portugal
9059,Morocco,Brazil,Switzerland
9060,Argentina,Morocco,Brazil
9061,Argentina,Spain,Germany
9062,England,Spain,Netherlands
9063,Japan,Netherlands,Switzerland
9064,Portugal,Argentina,Japan
9065,Netherlands,England,Egypt
9066,Portugal,Algeria,England
9067,Mexico,Croatia,France
9068,Argentina,Netherlands,United States
9069,Argentina,France,Portugal
9070,Morocco,Ivory Coast,Algeria
9071,France,Colombia,England
9072,Spain,Ghana,Germany
9073,Morocco,Argentina,Senegal
9074,Argentina,Netherlands,Belgium
9075,Germany,Colombia,Japan
9076,Belgium,Brazil,Morocco
9077,England,Morocco,Australia
9078,Senegal,Argentina,Japan
9079,France,England,Australia
9080,Japan,Spain,Paraguay
9081,Spain,Argentina,England
9082,Japan,Netherlands,Argentina
9083,Spain,Algeria,Netherlands
9084,Argentina,Senegal,Norway
9085,France,Argentina,Japan
9086,England,Senegal,Sweden
9087,Norway,Paraguay,Switzerland
9088,Netherlands,Colombia,Brazil
9089,Netherlands,Argentina,Brazil
9090,Netherlands,Japan,Egypt
9091,Mexico,Spain,Netherlands
9092,Argentina,Netherlands,Spain
9093,Spain,Japan,Australia
9094,Spain,Argentina,Brazil
9095,Morocco,Colombia,Ivory Coast
9096,England,Morocco,Spain
9097,Argentina,Canada,Spain
9098,Brazil,Canada,Belgium
9099,Argentina,Netherlands,England
9100,England,Canada,Colombia
9101,England,Netherlands,Spain
9102,England,Belgium,France
9103,France,Brazil,Spain
9104,United States,Colombia,Netherlands
9105,Brazil,Spain,Morocco
9106,England,Spain,Sweden
9107,France,Argentina,Ivory Coast
9108,Spain,Australia,England
9109,Japan,Germany,Switzerland
9110,Croatia,Egypt,France
9111,Argentina,France,Japan
9112,Portugal,Norway,Netherlands
9113,Mexico,Portugal,Canada
9114,France,Mexico,Belgium
9115,Argentina,France,Mexico
9116,Germany,Norway,Spain
9117,Germany,Australia,England
9118,France,England,Belgium
9119,Argentina,Germany,Japan
9120,Argentina,Croatia,Brazil
9121,Netherlands,Norway,Colombia
9122,Mexico,Germany,Ghana
9123,Argentina,Netherlands,Portugal
9124,France,Colombia,Belgium
9125,Argentina,Spain,Brazil
9126,Argentina,Spain,France
9127,Argentina,Germany,Portugal
9128,Morocco,Japan,Portugal
9129,Paraguay,Argentina,England
9130,France,Argentina,Brazil
9131,Japan,Croatia,Netherlands
9132,France,Switzerland,Brazil
9133,France,Argentina,England
9134,England,Belgium,Algeria
9135,Ecuador,Morocco,Austria
9136,Norway,Germany,Spain
9137,France,Japan,Portugal
9138,Brazil,Spain,Argentina
9139,Colombia,Spain,France
9140,France,Algeria,Brazil
9141,England,France,Australia
9142,Spain,England,Colombia
9143,Argentina,Senegal,Sweden
9144,Canada,England,Argentina
9145,Germany,Argentina,Portugal
9146,France,Brazil,Colombia
9147,Ecuador,Sweden,Portugal
9148,France,England,United States
9149,Austria,Japan,France
9150,Germany,Ghana,Japan
9151,England,Netherlands,United States
9152,France,England,Croatia
9153,France,Colombia,Japan
9154,Ecuador,Senegal,Netherlands
9155,France,Argentina,Japan
9156,England,Portugal,Netherlands
9157,France,Mexico,Colombia
9158,England,Portugal,Switzerland
9159,Japan,France,Belgium
9160,Mexico,Germany,Argentina
9161,Colombia,Germany,Brazil
9162,England,Senegal,Germany
9163,Argentina,Morocco,Senegal
9164,Spain,Brazil,Colombia
9165,France,Argentina,Japan
9166,Japan,Spain,Sweden
9167,France,Colombia,Croatia
9168,Norway,Canada,Spain
9169,Spain,Argentina,France
9170,Argentina,Belgium,Norway
9171,Argentina,France,United States
9172,Argentina,Portugal,Netherlands
9173,Argentina,Germany,Belgium
9174,Algeria,France,Portugal
9175,Mexico,Netherlands,Croatia
9176,Spain,Colombia,Morocco
9177,Japan,Morocco,Colombia
9178,Argentina,France,Spain
9179,Spain,Argentina,England
9180,France,Colombia,England
9181,Argentina,Netherlands,Portugal
9182,United States,Algeria,France
9183,Portugal,Switzerland,Germany
9184,Argentina,Spain,Japan
9185,Germany,Norway,United States
9186,Netherlands,Colombia,United States
9187,Argentina,Portugal,Brazil
9188,France,Switzerland,Belgium
9189,Ivory Coast,Portugal,France
9190,France,Algeria,England
9191,England,Spain,France
9192,Brazil,Sweden,Spain
9193,Ivory Coast,Portugal,Australia
9194,Netherlands,Argentina,Spain
9195,Argentina,Morocco,Ivory Coast
9196,Canada,Japan,Switzerland
9197,Colombia,France,Belgium
9198,France,Australia,Spain
9199,Argentina,Senegal,Brazil
9200,Belgium,Japan,Argentina
9201,France,England,Spain
9202,France,Switzerland,Belgium
9203,Germany,Colombia,United States
9204,Croatia,England,Argentina
9205,France,Mexico,Switzerland
9206,Argentina,Germany,Croatia
9207,Argentina,Austria,Netherlands
9208,Colombia,Spain,Japan
9209,France,Algeria,Belgium
9210,England,Belgium,Switzerland
9211,England,Spain,France
9212,Canada,Australia,Ivory Coast
9213,Argentina,Germany,Senegal
9214,Croatia,Colombia,Germany
9215,Spain,Argentina,Brazil
9216,Japan,Spain,Netherlands
9217,Canada,Mexico,Bosnia-Herzegovina
9218,Morocco,Brazil,Argentina
9219,Argentina,United States,France
9220,Portugal,Colombia,Germany
9221,Germany,Japan,Argentina
9222,Spain,Colombia,Sweden
9223,Belgium,Colombia,Germany
9224,Argentina,France,Spain
9225,Spain,Japan,France
9226,Australia,Portugal,Canada
9227,Egypt,Belgium,Japan
9228,Brazil,Germany,Spain
9229,Spain,Egypt,Japan
9230,France,Argentina,Belgium
9231,Argentina,Spain,Netherlands
9232,Argentina,Morocco,Mexico
9233,Spain,Egypt,Netherlands
9234,Canada,England,Spain
9235,Spain,Argentina,Germany
9236,Spain,Argentina,Brazil
9237,Spain,Ecuador,France
9238,Argentina,Portugal,Norway
9239,Portugal,Japan,France
9240,England,Netherlands,Argentina
9241,Spain,England,Argentina
9242,Japan,United States,Switzerland
9243,France,Japan,Spain
9244,Belgium,Norway,France
9245,Brazil,Belgium,Netherlands
9246,Norway,Netherlands,Spain
9247,Argentina,Portugal,England
9248,Portugal,Mexico,Germany
9249,France,England,Colombia
9250,Algeria,Canada,Brazil
9251,Germany,Japan,Argentina
9252,England,Morocco,Argentina
9253,Japan,Morocco,Argentina
9254,Mexico,Paraguay,United States
9255,Brazil,France,Belgium
9256,Japan,Canada,Belgium
9257,United States,Norway,Netherlands
9258,Japan,Canada,Spain
9259,Norway,Senegal,Egypt
9260,France,Japan,Spain
9261,Germany,Ivory Coast,United States
9262,Belgium,Argentina,Brazil
9263,Brazil,United States,Netherlands
9264,Ivory Coast,France,Algeria
9265,Argentina,Netherlands,United States
9266,England,Canada,Spain
9267,France,England,Belgium
9268,France,England,Argentina
9269,Japan,Morocco,Portugal
9270,Germany,Colombia,Portugal
9271,Morocco,Egypt,Spain
9272,Brazil,Canada,Ghana
9273,France,Argentina,Brazil
9274,Argentina,Canada,Norway
9275,Paraguay,Australia,England
9276,Brazil,Germany,Spain
9277,Japan,Germany,Argentina
9278,Argentina,Austria,Japan
9279,Germany,Egypt,Spain
9280,Brazil,France,Argentina
9281,England,Belgium,France
9282,Morocco,Mexico,Argentina
9283,France,England,Argentina
9284,Canada,Argentina,Austria
9285,Norway,Morocco,Argentina
9286,Brazil,France,Spain
9287,Spain,Japan,Canada
9288,Brazil,Spain,Argentina
9289,United States,Japan,Canada
9290,Sweden,England,Argentina
9291,Spain,Argentina,Brazil
9292,England,Spain,Netherlands
9293,France,England,Austria
9294,Germany,Ivory Coast,Egypt
9295,Spain,Japan,Argentina
9296,England,Sweden,Argentina
9297,Morocco,Mexico,Spain
9298,Belgium,Norway,France
9299,Argentina,Netherlands,Brazil
9300,Senegal,England,Morocco
9301,Spain,Colombia,England
9302,France,Argentina,United States
9303,Morocco,England,Colombia
9304,Netherlands,Japan,Argentina
9305,Mexico,Paraguay,Portugal
9306,Germany,Argentina,Austria
9307,Brazil,Belgium,Switzerland
9308,Brazil,Spain,Switzerland
9309,France,Colombia,Japan
9310,England,Paraguay,Argentina
9311,Netherlands,Ghana,Ecuador
9312,France,Egypt,United States
9313,Netherlands,Colombia,Mexico
9314,Colombia,France,Spain
9315,England,Spain,Sweden
9316,Argentina,Belgium,Brazil
9317,Belgium,England,Argentina
9318,France,Norway,Belgium
9319,Brazil,France,Belgium
9320,Argentina,Paraguay,Belgium
9321,France,Mexico,Spain
9322,Germany,Argentina,United States
9323,Spain,Argentina,Germany
9324,Spain,Colombia,France
9325,England,France,Argentina
9326,United States,Algeria,England
9327,Netherlands,Switzerland,Brazil
9328,Netherlands,Egypt,Japan
9329,Argentina,France,United States
9330,Argentina,Spain,France
9331,Norway,Belgium,France
9332,Netherlands,Argentina,Spain
9333,Argentina,Belgium,Canada
9334,Colombia,Spain,Norway
9335,Belgium,Colombia,Germany
9336,Morocco,Japan,Algeria
9337,France,Norway,Argentina
9338,France,Ecuador,Argentina
9339,Germany,Mexico,Australia
9340,France,Ecuador,Argentina
9341,Spain,Ecuador,Egypt
9342,Belgium,England,Argentina
9343,Paraguay,Colombia,Brazil
9344,Spain,Algeria,Brazil
9345,France,Colombia,Croatia
9346,Canada,Argentina,Spain
9347,England,Netherlands,Belgium
9348,Argentina,Croatia,Sweden
9349,Mexico,Germany,Bosnia-Herzegovina
9350,Netherlands,Algeria,Spain
9351,Argentina,Netherlands,Japan
9352,Argentina,Canada,Austria
9353,Argentina,France,Belgium
9354,Colombia,Netherlands,Portugal
9355,Paraguay,Algeria,Portugal
9356,England,Morocco,Argentina
9357,Brazil,France,Argentina
9358,Mexico,Morocco,Spain
9359,France,Colombia,Croatia
9360,Mexico,Germany,Portugal
9361,Argentina,Belgium,Japan
9362,Portugal,England,Argentina
9363,England,United States,France
9364,Egypt,Morocco,Belgium
9365,France,Colombia,Portugal
9366,Spain,Argentina,Norway
9367,Spain,Brazil,Argentina
9368,Argentina,Germany,England
9369,Canada,Ecuador,Argentina
9370,Paraguay,Switzerland,United States
9371,Canada,Colombia,England
9372,England,Senegal,Germany
9373,Colombia,Portugal,Germany
9374,France,Ecuador,Colombia
9375,Argentina,France,England
9376,Argentina,Spain,Canada
9377,Ecuador,Paraguay,Argentina
9378,England,Morocco,Argentina
9379,Belgium,Argentina,England
9380,Netherlands,Argentina,Spain
9381,Brazil,Croatia,Netherlands
9382,England,Morocco,Australia
9383,Germany,Colombia,Japan
9384,France,Australia,Portugal
9385,Argentina,United States,England
9386,Spain,England,Canada
9387,Spain,Ivory Coast,France
9388,Spain,Brazil,Germany
9389,Argentina,Belgium,France
9390,Portugal,Ecuador,Netherlands
9391,France,Brazil,Argentina
9392,Netherlands,Switzerland,Spain
9393,Brazil,France,United States
9394,France,Argentina,Mexico
9395,Croatia,England,France
9396,France,Argentina,Japan
9397,Senegal,England,Morocco
9398,Australia,Croatia,France
9399,Argentina,Germany,England
9400,England,Netherlands,Belgium
9401,Portugal,Colombia,Mexico
9402,England,Morocco,United States
9403,England,Croatia,Argentina
9404,Argentina,United States,Brazil
9405,Croatia,Brazil,Australia
9406,Congo DR,France,Switzerland
9407,Germany,Colombia,Belgium
9408,Colombia,France,Japan
9409,France,Argentina,Belgium
9410,England,Canada,Portugal
9411,France,England,Portugal
9412,France,Colombia,Brazil
9413,Spain,Argentina,France
9414,Argentina,Netherlands,Portugal
9415,England,Spain,Sweden
9416,Spain,Brazil,Argentina
9417,Spain,Brazil,France
9418,France,England,Senegal
9419,France,Norway,Portugal
9420,Japan,Paraguay,Belgium
9421,France,Mexico,Belgium
9422,Brazil,Belgium,Argentina
9423,Ecuador,Spain,Switzerland
9424,Spain,England,Morocco
9425,Brazil,Spain,Algeria
9426,Belgium,Japan,Colombia
9427,England,Netherlands,Colombia
9428,Argentina,France,Ecuador
9429,Spain,Mexico,Germany
9430,Canada,Argentina,England
9431,Netherlands,Argentina,Japan
9432,Argentina,Spain,Norway
9433,Spain,Egypt,France
9434,Belgium,England,Morocco
9435,Austria,Brazil,Germany
9436,Australia,Canada,England
9437,Spain,Switzerland,Sweden
9438,England,Belgium,Netherlands
9439,England,Senegal,Argentina
9440,Argentina,Spain,England
9441,Netherlands,England,Colombia
9442,France,Argentina,Mexico
9443,Portugal,Argentina,Ecuador
9444,France,Argentina,Belgium
9445,Brazil,Germany,Switzerland
9446,Argentina,Senegal,Norway
9447,Austria,Japan,Switzerland
9448,Argentina,Spain,England
9449,Portugal,Argentina,Brazil
9450,Argentina,Germany,England
9451,France,Brazil,Belgium
9452,England,Netherlands,Belgium
9453,England,Belgium,Netherlands
9454,Mexico,Germany,Australia
9455,France,England,Portugal
9456,Mexico,Portugal,Germany
9457,Argentina,Belgium,Ivory Coast
9458,Algeria,Morocco,Mexico
9459,Argentina,Spain,France
9460,Argentina,Sweden,Spain
9461,Sweden,Colombia,Spain
9462,Argentina,Belgium,Brazil
9463,Argentina,France,United States
9464,England,Germany,Belgium
9465,Spain,Mexico,Algeria
9466,Spain,Norway,France
9467,Ecuador,Canada,Colombia
9468,Japan,France,Argentina
9469,Argentina,Spain,Canada
9470,Japan,France,Spain
9471,Germany,Brazil,Argentina
9472,France,Ivory Coast,Belgium
9473,England,Spain,Colombia
9474,Argentina,Germany,United States
9475,Germany,Colombia,Brazil
9476,Argentina,Senegal,England
9477,Spain,Argentina,Germany
9478,Portugal,England,Argentina
9479,Argentina,France,Croatia
9480,Croatia,Ecuador,Argentina
9481,England,Portugal,Switzerland
9482,Netherlands,Argentina,Belgium
9483,Spain,Argentina,France
9484,Netherlands,England,Austria
9485,Ivory Coast,Portugal,Australia
9486,Netherlands,Argentina,Portugal
9487,Portugal,Argentina,Japan
9488,Argentina,Portugal,Netherlands
9489,Japan,Portugal,Netherlands
9490,England,Spain,Netherlands
9491,France,Colombia,Spain
9492,Croatia,Argentina,Mexico
9493,Japan,Canada,Spain
9494,Brazil,Croatia,Switzerland
9495,Argentina,Croatia,Brazil
9496,Morocco,Colombia,Japan
9497,France,Brazil,Croatia
9498,France,Argentina,Senegal
9499,Argentina,Morocco,England
9500,Argentina,Germany,Norway
9501,Ivory Coast,Spain,Argentina
9502,Senegal,Argentina,France
9503,Argentina,France,England
9504,England,Belgium,Paraguay
9505,Ivory Coast,Senegal,Argentina
9506,Germany,Norway,Belgium
9507,Japan,Netherlands,Australia
9508,Spain,England,Canada
9509,Colombia,United States,Japan
9510,Brazil,Netherlands,Colombia
9511,Argentina,France,England
9512,Argentina,France,Belgium
9513,France,Brazil,Belgium
9514,France,Norway,Portugal
9515,Netherlands,Mexico,Argentina
9516,Morocco,Ivory Coast,Senegal
9517,Brazil,Portugal,Argentina
9518,Argentina,France,England
9519,Japan,France,Argentina
9520,Norway,Belgium,Egypt
9521,Spain,Brazil,Argentina
9522,France,Brazil,Belgium
9523,England,Spain,Morocco
9524,Belgium,Colombia,Morocco
9525,Argentina,Germany,Brazil
9526,Spain,Argentina,France
9527,Argentina,Morocco,Portugal
9528,Argentina,Belgium,England
9529,Argentina,Senegal,Brazil
9530,France,Colombia,Spain
9531,Brazil,France,Switzerland
9532,France,Argentina,England
9533,Croatia,Colombia,Germany
9534,France,England,Portugal
9535,Spain,Argentina,France
9536,France,Ivory Coast,Argentina
9537,France,Switzerland,Ivory Coast
9538,Argentina,Belgium,Brazil
9539,France,Egypt,Croatia
9540,Egypt,Canada,Belgium
9541,Ivory Coast,France,Argentina
9542,Spain,Switzerland,Netherlands
9543,Belgium,Ivory Coast,Argentina
9544,Brazil,Belgium,Argentina
9545,Portugal,Colombia,France
9546,France,Mexico,Argentina
9547,Argentina,Portugal,Brazil
9548,Belgium,England,Canada
9549,Netherlands,Switzerland,Spain
9550,Morocco,Ivory Coast,Belgium
9551,France,England,Spain
9552,Belgium,Egypt,Japan
9553,France,Brazil,Algeria
9554,Spain,Ivory Coast,Germany
9555,Spain,Argentina,Netherlands
9556,England,United States,Canada
9557,Belgium,England,France
9558,Belgium,Ecuador,Morocco
9559,Argentina,Senegal,Brazil
9560,France,Argentina,Brazil
9561,England,Spain,Germany
9562,Portugal,Mexico,France
9563,France,Ecuador,Spain
9564,France,Japan,Portugal
9565,Australia,Canada,Portugal
9566,Spain,Argentina,England
9567,Argentina,Morocco,England
9568,Argentina,Portugal,England
9569,Morocco,Argentina,Japan
9570,France,Argentina,England
9571,Spain,Ecuador,Argentina
9572,France,Mexico,Spain
9573,Morocco,Ecuador,Argentina
9574,Egypt,Belgium,Brazil
9575,Portugal,Algeria,Canada
9576,France,Argentina,Brazil
9577,Canada,Argentina,Brazil
9578,Algeria,Belgium,Netherlands
9579,Spain,Japan,Morocco
9580,Spain,Algeria,France
9581,Spain,Cape Verde Islands,Norway
9582,Australia,Portugal,Germany
9583,Portugal,Japan,Netherlands
9584,France,Mexico,Argentina
9585,Spain,Mexico,France
9586,Sweden,England,Spain
9587,Japan,Netherlands,Switzerland
9588,Spain,Argentina,Netherlands
9589,United States,England,France
9590,Morocco,England,Belgium
9591,France,Japan,Argentina
9592,France,Argentina,Brazil
9593,England,France,Algeria
9594,Argentina,Germany,Croatia
9595,Spain,Switzerland,France
9596,Spain,Mexico,Canada
9597,Algeria,France,England
9598,Belgium,England,Argentina
9599,France,Argentina,Spain
9600,Germany,Ivory Coast,Senegal
9601,France,Argentina,Portugal
9602,Germany,Ivory Coast,Belgium
9603,France,Norway,Argentina
9604,Morocco,Argentina,Belgium
9605,England,Spain,Argentina
9606,Morocco,Egypt,England
9607,Argentina,Austria,Morocco
9608,Argentina,Netherlands,United States
9609,Ecuador,United States,Argentina
9610,Argentina,France,Spain
9611,Japan,Spain,France
9612,United States,Switzerland,Japan
9613,Argentina,Belgium,Brazil
9614,Spain,Brazil,Morocco
9615,England,France,Belgium
9616,Argentina,France,United States
9617,France,England,Argentina
9618,Netherlands,Australia,Portugal
9619,Mexico,United States,Ghana
9620,France,Argentina,England
9621,Argentina,France,Spain
9622,Argentina,Germany,Mexico
9623,Netherlands,England,Portugal
9624,Spain,Argentina,Japan
9625,England,France,Spain
9626,England,France,Croatia
9627,Spain,England,Canada
9628,Ivory Coast,Spain,France
9629,Norway,Canada,Egypt
9630,Colombia,France,Ecuador
9631,France,Australia,Japan
9632,Austria,Argentina,Germany
9633,Ivory Coast,Germany,Spain
9634,Argentina,Croatia,Germany
9635,Morocco,Colombia,Portugal
9636,Mexico,Germany,Belgium
9637,Netherlands,Switzerland,England
9638,England,United States,Algeria
9639,France,Algeria,England
9640,England,Netherlands,Argentina
9641,Germany,Argentina,Ecuador
9642,Netherlands,England,Argentina
9643,Austria,England,Switzerland
9644,France,Japan,Colombia
9645,Argentina,Canada,Croatia
9646,Colombia,Canada,Senegal
9647,France,Algeria,Japan
9648,France,Congo DR,Argentina
9649,France,Japan,Argentina
9650,Argentina,United States,Brazil
9651,Germany,Ecuador,United States
9652,Spain,Egypt,England
9653,United States,Argentina,Canada
9654,England,Netherlands,Portugal
9655,Mexico,Germany,Argentina
9656,Norway,Netherlands,Belgium
9657,Netherlands,Brazil,Argentina
9658,Switzerland,France,Norway
9659,Argentina,Spain,Brazil
9660,Portugal,Mexico,Netherlands
9661,Spain,Argentina,Norway
9662,Germany,England,Spain
9663,Brazil,Spain,Paraguay
9664,Brazil,Spain,Netherlands
9665,England,Sweden,Belgium
9666,Argentina,France,Croatia
9667,Belgium,Brazil,Germany
9668,Spain,England,France
9669,France,Egypt,Japan
9670,France,Algeria,Croatia
9671,Argentina,Spain,Germany
9672,Brazil,Spain,Morocco
9673,Argentina,France,Ivory Coast
9674,Austria,Ecuador,Morocco
9675,Spain,England,Canada
9676,Ivory Coast,Portugal,Egypt
9677,Ecuador,Morocco,United States
9678,Austria,Brazil,Colombia
9679,Spain,Switzerland,Ivory Coast
9680,Switzerland,France,England
9681,France,Australia,Brazil
9682,France,Australia,England
9683,France,Australia,Spain
9684,France,Argentina,Ecuador
9685,Portugal,Norway,Germany
9686,Spain,Japan,Argentina
9687,Argentina,Germany,Ecuador
9688,England,Spain,Argentina
9689,Germany,Argentina,Mexico
9690,England,Senegal,Argentina
9691,Argentina,Spain,Canada
9692,Brazil,Portugal,Colombia
9693,Norway,Germany,Argentina
9694,Croatia,England,Argentina
9695,Germany,Mexico,Colombia
9696,France,Japan,Belgium
9697,Spain,Brazil,Sweden
9698,Spain,Algeria,Japan
9699,Portugal,England,Netherlands
9700,United States,Japan,France
9701,Algeria,Spain,Netherlands
9702,United States,Japan,Netherlands
9703,Brazil,Morocco,Argentina
9704,Spain,Mexico,Argentina
9705,France,Argentina,Japan
9706,France,Colombia,Spain
9707,Mexico,Spain,France
9708,Spain,Brazil,France
9709,Argentina,France,Spain
9710,Morocco,Algeria,Spain
9711,Argentina,Canada,Spain
9712,England,France,Colombia
9713,Argentina,Netherlands,Bosnia-Herzegovina
9714,France,Brazil,Portugal
9715,Argentina,Paraguay,Portugal
9716,Mexico,Belgium,Netherlands
9717,France,Argentina,Croatia
9718,Egypt,Portugal,Mexico
9719,Germany,Switzerland,Spain
9720,Canada,Colombia,Belgium
9721,France,Ghana,Spain
9722,England,Sweden,Argentina
9723,Spain,Brazil,Egypt
9724,Japan,Senegal,Ghana
9725,Switzerland,Belgium,Canada
9726,Colombia,Austria,England
9727,Morocco,Algeria,Ivory Coast
9728,France,Colombia,England
9729,Germany,Mexico,Croatia
9730,England,Spain,Sweden
9731,Argentina,Spain,Netherlands
9732,Argentina,Sweden,Mexico
9733,United States,Colombia,Canada
9734,Spain,Switzerland,France
9735,Argentina,United States,Brazil
9736,Argentina,Germany,Brazil
9737,Portugal,Australia,Morocco
9738,Argentina,Morocco,England
9739,England,Spain,France
9740,Senegal,Australia,France
9741,Austria,Australia,Ecuador
9742,Belgium,Ecuador,France
9743,France,Algeria,England
9744,Morocco,Algeria,Spain
9745,Ecuador,Portugal,Canada
9746,Colombia,Spain,Netherlands
9747,Netherlands,Colombia,England
9748,France,England,Belgium
9749,Portugal,Mexico,France
9750,Germany,Ecuador,Spain
9751,Spain,Algeria,Japan
9752,Brazil,Paraguay,Argentina
9753,England,Morocco,Bosnia-Herzegovina
9754,England,Germany,Colombia
9755,Netherlands,Mexico,Argentina
9756,Australia,Portugal,Brazil
9757,England,Sweden,Argentina
9758,France,Colombia,England
9759,Argentina,Spain,Japan
9760,England,Spain,Argentina
9761,Japan,Portugal,Argentina
9762,Spain,Japan,Argentina
9763,Spain,Ghana,Brazil
9764,Argentina,Belgium,France
9765,United States,England,France
9766,Spain,England,Colombia
9767,Netherlands,Algeria,Norway
9768,Argentina,Morocco,Portugal
9769,England,Germany,Egypt
9770,Netherlands,Switzerland,Spain
9771,Argentina,Belgium,Brazil
9772,United States,Colombia,France
9773,Norway,Portugal,Paraguay
9774,Senegal,Switzerland,England
9775,Morocco,Japan,Switzerland
9776,Argentina,Belgium,Mexico
9777,Algeria,Netherlands,Ivory Coast
9778,Argentina,Germany,Belgium
9779,Brazil,Spain,France
9780,Portugal,England,Argentina
9781,Netherlands,England,Algeria
9782,England,France,Algeria
9783,Spain,Colombia,Ecuador
9784,Spain,Argentina,Mexico
9785,Germany,Argentina,Spain
9786,France,Argentina,Belgium
9787,Argentina,Portugal,Brazil
9788,Spain,Argentina,Norway
9789,Brazil,Portugal,Netherlands
9790,Portugal,Algeria,Mexico
9791,Netherlands,Argentina,England
9792,Colombia,Spain,Canada
9793,Brazil,Canada,Portugal
9794,Paraguay,Argentina,Senegal
9795,Germany,Ecuador,Portugal
9796,Algeria,France,England
9797,Australia,Croatia,Germany
9798,France,Argentina,Senegal
9799,France,Egypt,Ivory Coast
9800,Argentina,Morocco,Portugal
9801,Brazil,France,Portugal
9802,Spain,Colombia,Germany
9803,England,Portugal,Netherlands
9804,Germany,England,Ghana
9805,Netherlands,Ecuador,Croatia
9806,Austria,Australia,France
9807,Netherlands,Argentina,United States
9808,France,Australia,Ivory Coast
9809,Netherlands,England,Spain
9810,England,Netherlands,Austria
9811,Japan,Portugal,Cape Verde Islands
9812,France,Argentina,Spain
9813,France,Norway,Argentina
9814,Argentina,France,England
9815,Spain,Ivory Coast,Germany
9816,France,Cape Verde Islands,Croatia
9817,France,Australia,Ecuador
9818,Brazil,Germany,Argentina
9819,Morocco,Australia,England
9820,Morocco,Algeria,Croatia
9821,Argentina,Morocco,Spain
9822,Portugal,England,Colombia
9823,Senegal,Japan,Germany
9824,Argentina,Portugal,Mexico
9825,France,Australia,Austria
9826,Portugal,England,Colombia
9827,Brazil,France,Colombia
9828,Austria,Japan,Argentina
9829,Belgium,Colombia,Germany
9830,Paraguay,Argentina,Spain
9831,Argentina,Senegal,France
9832,Morocco,Algeria,Portugal
9833,Algeria,Germany,Croatia
9834,Portugal,Japan,Germany
9835,Colombia,Croatia,England
9836,Spain,Mexico,Ghana
9837,Australia,Croatia,Japan
9838,England,Austria,Argentina
9839,France,England,United States
9840,Algeria,Belgium,Morocco
9841,Brazil,Belgium,France
9842,Spain,Japan,Netherlands
9843,Brazil,United States,Egypt
9844,France,Argentina,Spain
9845,Colombia,Netherlands,England
9846,Senegal,Switzerland,Netherlands
9847,Germany,Ivory Coast,Argentina
9848,Argentina,Sweden,Croatia
9849,Brazil,Portugal,Algeria
9850,Norway,Portugal,Colombia
9851,Argentina,Netherlands,Portugal
9852,Spain,England,France
9853,Argentina,United States,France
9854,Mexico,Belgium,France
9855,Argentina,Belgium,England
9856,Netherlands,Argentina,Senegal
9857,England,Sweden,Spain
9858,Argentina,Portugal,Ecuador
9859,Japan,Canada,Bosnia-Herzegovina
9860,France,Brazil,Spain
9861,Morocco,England,Belgium
9862,Spain,Brazil,Algeria
9863,Spain,Brazil,Argentina
9864,England,Senegal,Argentina
9865,Belgium,Argentina,Netherlands
9866,Germany,England,Australia
9867,Belgium,Algeria,Ivory Coast
9868,France,Argentina,United States
9869,Germany,Ivory Coast,Spain
9870,Egypt,Netherlands,England
9871,United States,England,Netherlands
9872,Brazil,Paraguay,Portugal
9873,Morocco,Norway,Spain
9874,France,England,Switzerland
9875,France,Brazil,Spain
9876,Germany,Argentina,England
9877,Brazil,Germany,Algeria
9878,Switzerland,France,Mexico
9879,Switzerland,Senegal,Morocco
9880,Spain,England,Colombia
9881,Spain,Switzerland,Japan
9882,Colombia,Spain,Brazil
9883,England,Netherlands,Belgium
9884,Portugal,Algeria,Ecuador
9885,Mexico,Germany,Portugal
9886,Portugal,Mexico,Netherlands
9887,England,Belgium,Argentina
9888,Portugal,Brazil,France
9889,France,Argentina,England
9890,Colombia,Belgium,Brazil
9891,Argentina,Netherlands,England
9892,Brazil,United States,Netherlands
9893,Spain,Argentina,Netherlands
9894,Argentina,Portugal,England
9895,France,Argentina,Spain
9896,Argentina,Austria,Canada
9897,Netherlands,Mexico,United States
9898,Colombia,Spain,Brazil
9899,Belgium,Ivory Coast,Egypt
9900,Algeria,France,England
9901,Senegal,Japan,Switzerland
9902,Spain,Argentina,Sweden
9903,Brazil,Spain,Netherlands
9904,Argentina,Croatia,Morocco
9905,Canada,Argentina,Japan
9906,Argentina,Netherlands,England
9907,England,Spain,Colombia
9908,Argentina,Netherlands,Ivory Coast
9909,Belgium,Brazil,Switzerland
9910,France,Brazil,Portugal
9911,United States,England,Germany
9912,Japan,Canada,Senegal
9913,Portugal,Ivory Coast,France
9914,Switzerland,Belgium,Morocco
9915,Brazil,Portugal,Australia
9916,Senegal,Colombia,Morocco
9917,Argentina,Spain,Germany
9918,Argentina,France,England
9919,England,Portugal,Morocco
9920,France,Switzerland,Mexico
9921,Spain,England,Cape Verde Islands
9922,France,Argentina,England
9923,England,United States,Switzerland
9924,Portugal,Colombia,England
9925,Argentina,France,Croatia
9926,United States,Switzerland,Canada
9927,Argentina,Canada,Portugal
9928,Germany,Colombia,Portugal
9929,France,Argentina,Mexico
9930,Argentina,Spain,Norway
9931,Spain,England,Australia
9932,Argentina,Spain,England
9933,Argentina,France,Ivory Coast
9934,France,Brazil,Senegal
9935,Brazil,Belgium,Argentina
9936,France,Brazil,Colombia
9937,Brazil,France,Senegal
9938,Portugal,Argentina,France
9939,Spain,Argentina,Canada
9940,Brazil,Netherlands,Spain
9941,Argentina,Portugal,Mexico
9942,Argentina,Netherlands,Spain
9943,Morocco,England,Senegal
9944,Colombia,France,Spain
9945,Canada,Australia,Spain
9946,Spain,Ecuador,Argentina
9947,Argentina,Netherlands,Brazil
9948,England,Belgium,Morocco
9949,Spain,Switzerland,Ivory Coast
9950,Argentina,Paraguay,United States
9951,Spain,Argentina,Morocco
9952,Mexico,Netherlands,Belgium
9953,Spain,England,Argentina
9954,Austria,Argentina,Morocco
9955,Morocco,Argentina,Portugal
9956,Argentina,France,United States
9957,Brazil,Paraguay,Croatia
9958,Argentina,Belgium,Mexico
9959,Ivory Coast,Netherlands,Colombia
9960,Argentina,France,Mexico
9961,United States,Ivory Coast,France
9962,Germany,Mexico,Portugal
9963,Spain,Mexico,Argentina
9964,Portugal,Norway,Colombia
9965,Germany,Brazil,Senegal
9966,England,Portugal,Germany
9967,Argentina,Portugal,Ecuador
9968,Argentina,Canada,United States
9969,Mexico,Belgium,Canada
9970,Spain,Argentina,Ivory Coast
9971,Spain,Australia,Ecuador
9972,Croatia,Argentina,Morocco
9973,Argentina,France,Croatia
9974,Brazil,Spain,Morocco
9975,Argentina,United States,Netherlands
9976,Brazil,Germany,Argentina
9977,Netherlands,Colombia,Spain
9978,Belgium,Colombia,France
9979,Spain,Ecuador,Argentina
9980,England,France,Colombia
9981,Paraguay,Ghana,Spain
9982,Mexico,Morocco,Croatia
9983,France,Switzerland,Belgium
9984,Germany,Mexico,Egypt
9985,England,Netherlands,Colombia
9986,Paraguay,Norway,Switzerland
9987,France,Ivory Coast,Senegal
9988,Mexico,Spain,Germany
9989,Colombia,Senegal,France
9990,Argentina,Sweden,Brazil
9991,England,Belgium,Colombia
9992,France,Colombia,England
9993,Netherlands,Brazil,Colombia
9994,Argentina,Belgium,Canada
9995,Germany,Brazil,Colombia
9996,France,Egypt,Spain
9997,England,France,Belgium
9998,France,Mexico,Belgium
9999,Belgium,Ecuador,Netherlands
